colonia,date,ct,text
PALMITAS,2017-04-04,5,"#√öltimaHora, tiroteo entre militares y delincuentes en la comunidad de Palmitas, municipio de Angostura; un abatido‚Ä¶ https://t.co/l55Wf2FjNs"
SAN MIGUEL TEOTONGO (SECC MERCEDES),2017-04-04,9,URGENTE colectivos disparan nuestra manifestacion pacifica estamos en la autopista Auxilio! https://t.co/TXweZe2IuI
AMPL LA CONCHITA,2017-04-05,27,Tenemos 4 heridos a tiros tras balacera en el centro de Tl√°huac. Est√°n graves. Verificando m√≥vil. Tierra y Libertad esq Agust√≠n Lara. #CDMX
ZONA RES ACUEDUCTO DE GUADALUPE,2017-04-06,5,Ninguna patrulla en sta ma ribera despu√©s de balacera ‚Äî@arabianrisk https://t.co/md9U4E4LYk
AMPL SINATEL,2017-04-07,8,"#CdMx |

Reportan balacera en Sur 109 y Agust√≠n Y√°√±ez, col Popular. SSP en el punto. ¬°Les informo!"
TLAXPANA,2017-04-07,7,"Se escuchan balazos, motos y gritos en col. tlaxpana calles atzayacatl y quetzalcoalt. ‚Äî@cristin38722980"
Z URB EJ STA MARIA AZTAHUACAN,2017-04-07,6,"Im√°genes de la balacera durante la cabalgata de la Feria de #Cuernavaca en Av. Plan de Ayala. Hay un herido. 

VIDE‚Ä¶ https://t.co/UUDNGKnmnU"
ANZURES,2017-04-08,6,"#CdMx |

Servicios Periciales retiran cad√°ver de la colonia Anzures asesinado a balazos. 

QEPD https://t.co/xyitjilmIN"
BARRIO NORTE,2017-04-10,11,Podr√≠an revisar hay disparos en av padre hidalgo entre calle 9 y calle 8 urge ‚Äî@Alverik_wagen https://t.co/x8F9tShLWu
SAN JUAN XALPA,2017-04-10,21,Se escuchan balazos en la colonia san juan xalpa llevan al menos 20 detonaciones ‚Äî@DavidPerrea_ https://t.co/C435Ns2R2q
SANTA CATARINA AMPLIACION,2017-04-11,6,"Hombre asesinado a balazos en la Autopista M√©xico Pachuca a la altura de la Av. San Jos√©
@RamkarC informa con‚Ä¶ https://t.co/DKjIjrOayz"
ROMA NORTE,2017-04-12,27,Persecuci√≥n y balacera en calles de la Roma Norte #CUH. Par de ladrones abandonan auto y escapan. #OncesDeLaNoche. https://t.co/tjH8or63A0
PORTALES ORIENTE,2017-04-14,7,"Reporte de tiroteo en interior Plaza Universidad. Sector Portales. 
@UCS_CDMX"
APATLACO,2017-04-16,5,"Estoy escuchando una balacera, no s√© de d√≥nde provenga. aproximadamente entre eje 5 y eje central. ‚Äî@diprosopia https://t.co/QbatbFFvj6"
JUAREZ,2017-04-17,12,Vecinos est√°n reportando disparos y gente corriendo asustada afuera de Liverpool de Plaza Tezontle. Nos estamos acercando. @retioDF
BARRIO SAN MIGUEL,2017-04-19,5,"Asesinan de dos disparos a un hombre en Av Rojo G√≥mez y Artemio Alp√≠zar, Barrio San Miguel en @Del_Iztapalapa. V√≠a‚Ä¶ https://t.co/TpCLTj2fcV"
SAN MIGUEL TEOTONGO(SECC CORR),2017-04-19,5,En la Av. Peaz de El Para√≠so se escuchan fuertes detonaciones y disparos en este momento.
PLAN DE BARRANCAS,2017-04-21,11,@DonRamonMX @elabuelopower0  asalto y balacera en Paseo hace unos minutos
LA PRADERA,2017-04-22,17,"#CdMx | Asesinan a dos personas a balazos a unas calles de distancia se encuentran uno del otro col Pradera, del GAM. SSP resguarda la zona."
BARRIO 18,2017-04-25,6,Nuestros amigos de #Xochimilco nos reportan disparos en Canal 27 cerca Tulyehualco. Hay una persona tirada en el piso. #CDMX @retioDF
LA CANDELARIA TICOMAN,2017-04-25,8,Asesinan a persona de 2 balazos en candelaria y palma col. candelaria ticoman gam peritos de ya en l‚Ä¶ ‚Äî@ElPolloCDMX https://t.co/nTua5Ksnbd
MORELOS,2017-04-25,7,"üìπ#NotiMinutoSeguridad Cuatro personas baleadas, entre ellas un menor de edad, dej√≥ un tiroteo en la Colonia Morelos‚Ä¶ https://t.co/VsqvaSCzAb"
PRO HOGAR,2017-04-25,13,Reportan balacera en calle 19 entre calle 16 y central sur col. pro hogar ‚Äî@LALON_GA_NICE https://t.co/3uyWyJ1Xgn
POLANCO REFORMA,2017-04-27,16,Mujer v√≠ctima de la crueldad de la delincuencia.Le roban 80 mil y le disparan.Ferrocarril de Cuernavaca #Polanco‚Ä¶ https://t.co/tXg7ZGKUTa
3A SECC LOS CERRILLOS,2017-04-28,53,"Se registra balacera en Plaza Meave, en Eje Central. @jorgegonzalez00 https://t.co/TQD0zUYAzC"
SAN FELIPE DE JESUS,2017-04-28,6,"H√©roes del 47 y Huiloapan, San Felipe de Jes√∫s: informan de tiroteo, en preliminar dos personas lesionadas PAF."
3A SECC LOS CERRILLOS,2017-04-29,6,"Reportan balacera en Eje Central y El Salvador, afuera de Plaza Meave. Un muerto y 3 heridos.  https://t.co/GNSQjdebqt"
MEXICO NUEVO,2017-04-29,38,"OJO. Hace unos minutos se registr√≥ un tiroteo en la col. M√©xico Nuevo, en Miguel Hidalgo y al momento hay dos muertos y un herido.üíÄ"
PARQUE SAN ANDRES,2017-04-29,7,Impresionante balacera sobre divisi√≥n del norte y miguel √°ngel de quevedo. pffff #policiacdmx ‚Äî@TOTARTT https://t.co/R6hv1j5qmB
CANDELARIA COYOACAN,2017-04-30,8,"Polic√≠a en la colonia candelaria delegaci√≥n coyoac√°n, dio 2 disparos a un joven enfrente de su casa ‚Ä¶ ‚Äî@CrisRosas20 https://t.co/KMlclwH4tq"
FELIPE ANGELES,2017-04-30,5,"Asaltan Joyer√≠a en Pabell√≥n Cuauht√©moc, Ladrones disparan para Romper las Vitrinas del Local @SSP_CDMX en el lugar.‚Ä¶ https://t.co/dObdLZhx8P"
LOMAS DE TONALCO,2017-05-01,6,"En marisquer√≠a de Lirio y Camino a Nativitas en Xochimilco, balacera deja una persona muerta y varios heridos.

@retioDF"
LOS PICOS DE IZTACALCO 1RA SECC,2017-05-01,11,"#CdMx | Servicios Periciales retiran cad√°ver de persona asesinada a balazos sobre Oriente 116 y Sur 115A, col Juven‚Ä¶ https://t.co/CGfcc5gaDj"
XALTOCAN,2017-05-01,7,"Se registra balacera en un negocio de comida en la col. barrio xaltocan, xochimilco con reporte de una‚Ä¶ ‚Äî@tavojeda5 https://t.co/7sAX3jcBJU"
CUCHILLA PANTITLAN,2017-05-02,7,"#CdMx | 

En la madrugada fue asesinado a balazos un hombre sobre Circunvalaci√≥n y Tulio, col Cuchilla Pantitl√°n. N‚Ä¶ https://t.co/v5qFhRlFru"
DEL CARMEN,2017-05-03,6,@UCS_CDMX Se escuchan disparos en la calle centenario entre Viena y Berl√≠n en la del Carmen Coyoacan
PLAN DE BARRANCAS,2017-05-03,17,Robo a mano armada en ave. explanada y reforma en lomas de chapultepec a las 2 pm. 3 balazos al a‚Ä¶ ‚Äî@ponchocortes90 https://t.co/dsZ3BUqRIs
POLANCO REFORMA,2017-05-03,37,"Vandalizaci√≥n callejera, asaltos, balaceras en plazas y mercados, capos en Polanco...Ah, s√≠ @ManceraMiguelMX construyendo su candidatura"
SANTA MARIA LA RIBERA,2017-05-03,7,@UCS_CDMX @ciudad_segura balazos en Enriqueta Camarillo entre torres Bodet y Sabino en Santa Maria La Ribera @RicardoMonrealA @RafaelLunaSP
DEL VALLE,2017-05-04,38,"Este uno de los veh√≠culos atacados a balazos al exterior ‚ÄúBar La √önica‚Äù
col Del Valle, San Pedro confirman 3 muerto‚Ä¶ https://t.co/hB7MphqOou"
NARCISO MENDOZA SUPER MANZANA 3 VILLA COAPA,2017-05-04,11,Asesinan a j√≥ven a balazos en Eje 1 norte y tenochtitla Col. Morelos‚Äã CUH #CDMX a espera de servicios periciales‚Ä¶ https://t.co/61W4bZJbIu
AMPL GABRIEL HERNANDEZ,2017-05-05,5,2presuntos asaltantes y militar muertos al enfrentarse a balazos en un asalto a T.Publico en Perif√©rico y 1ro de Ma‚Ä¶ https://t.co/bCOHHtjPTz
CUCHILLA DEL TESORO,2017-05-05,9,"Policias al frustrar robo al Comit√© de Gesti√≥n Social se desata balacera, 3 muertos, Av. Norte 1 #86 y Pte 21 Col.‚Ä¶ https://t.co/i6nBNbaL32"
ESCANDON,2017-05-05,7,@SSP_CDMX @PGJDF_CDMX  Se escuchan balazos quiz√° calle Jos√© Mar√≠a Vigil y Salvador Alvarado Col. Escandon. Miguel Hidalgo
ARAGON FOVISSSTE,2017-05-06,17,"#CdMx | Se registra balacera en la colonia Arag√≥n Fovissste, #GAM, servicios de emergencia atienden a 4 personas lesionadas. 

#Precauci√≥n"
TLAXPANA,2017-05-07,7,Asesinan de nueve disparos a un sujeto..calle atzayacatl y tlaloc col. Tlaxpana https://t.co/le5aUMPKe6
LOS GIRASOLES III,2017-05-08,6,Hallan #muerto a hombre con 2 disparos dentro de #Jetta (834-VNL) en Calz del Hueso y Eje 3 Ote (Cafetales)/‚Ä¶ https://t.co/t5rI96ieiW
RENOVACION,2017-05-09,6,"#EDOMEX #Balacera #Iztapalapa

Reportan balacera en la colonia Renovaci√≥n en la delegaci√≥n Iztapalapa https://t.co/7zKSRAL6Ot"
FUENTES DE ZARAGOZA,2017-05-10,9,"Muere persona por disparos de arma de fuego durante asalto en Oyameles casi Calz. I. Zaragoza, Iztapalapa‚Ä¶ https://t.co/WTj41Zg8M3"
RENOVACION,2017-05-10,38,"#Video üé• |

Difunden im√°genes de supuesto operativo vs narcomenudistas que termin√≥ en #balacera, col Renovaci√≥n, en‚Ä¶ https://t.co/smLMIa3fZd"
BARRIO TULA CULHUACAN,2017-05-11,26,Vecinos reportan balacera en Eje 3 y Tepetlapa donde un hombre pierde la vida y otro mas se encuentra herido.‚Ä¶ https://t.co/YvARpJpH2R
SANTO DOMINGO,2017-05-11,5,"Se acaban de escuchar balazos en calle Mixquic esq Ayotosco, favor de enviar unidades, ya estamos hartos @UCS_CDMX @SSP_CDMX @ciudad_segura"
EJIDO SANTA URSULA COAPA,2017-05-14,5,"Se opone al robo de su motocicleta y le disparan, esta herido. tlalpan y divisi√≥n del norte en coyoa‚Ä¶ ‚Äî@isidrocorro https://t.co/P1eRPcCSuY"
PERALVILLO,2017-05-14,8,"#CdMx |

Se registra balacera en la col Peralvillo, Servicios de Emergencia atienden a tres personas lesionadas. 

#Precauci√≥n"
ESCANDON,2017-05-15,46,Un muerto y un herido a tiros deja balacera en marisquer√≠a de la col Escand√≥n. Revoluci√≥n y Mart√≠. #CDMX @retioDF https://t.co/O2cIH7Es9g
CHURUBUSCO COUNTRY CLUB,2017-05-17,6,"#Asaltan a 2 personas al salir de un #banco en Tlalpan y Viaducto, les disparan para robarles, fallece 1 @RedVialRC‚Ä¶ https://t.co/iRHQec7ZHJ"
LOMAS DE SANTA CRUZ,2017-05-18,29,"Vecinos col √Ångeles en Iztapalapa reportan ri√±a colectiva, hay disparos y un herido; est√°n quemando un auto. Carolina y Rosario. @retioDF"
SAN FELIPE DE JESUS,2017-05-18,13,"#CdMx |

SSP resguarda el cuerpo de un hombre asesinado a balazos, presuntamente polic√≠a, en la col. San Felipe de‚Ä¶ https://t.co/UCMppH84Fv"
GABRIEL HERNANDEZ,2017-05-19,34,Uno de los #Asesinos del Policia en Cabo Finisterre y Punta Pe√±asco tras balacera en la Col.Gabriel Hernandez en la‚Ä¶ https://t.co/NLVoreedOR
LA PURISIMA TICOMAN,2017-05-19,5,"; en la colonia la pur√≠sima ticoman, cada d√≠a se agrava m√°s la inseguridad y delincuencia.balazos a ‚Ä¶ ‚Äî@mosquedushk https://t.co/ng7jrlpoHW"
ATZACOALCO,2017-05-20,13,"En cumplimiento de su labor, falleci√≥ un polic√≠a de #GAM en un tiroteo en la Col. Santiago Atzacoalco. Mi m√°s senti‚Ä¶ https://t.co/VsknMCuELn"
BUENOS AIRES,2017-05-24,7,Muere persona a balazos en dr. barragan y bola√±os cacho col. buenos aires #cdmx ‚Äî@ElPolloCDMX https://t.co/DheSnjacSi
DOCTORES,2017-05-24,9,"As√≠ la balacera de la Doctores, un muerto y un lesionado. https://t.co/Ml9Ijsy83s"
COLA DE PATO,2017-05-26,10,"#CdMx | 

Se espera la llegada de servicios periciales, km 17, M√©xico-Toluca, automovilista es asesinado a balazos. https://t.co/uHgrLGlxlH"
3A SECC LOS CERRILLOS,2017-05-27,9,Otra balacera deja 2 muertos 1 lesionado en Eje Central y R√≠o de los Remedios Col. Progreso nacional GAM #CDMX @retioDF
BARRIO GUADALUPE,2017-05-27,6,Contin√∫an los Asesinatos en la #CDMX Conductor se resiste a asalto y lo asesinan a balazos sobre la Av.Tlahuac y La‚Ä¶ https://t.co/9ziXYOvIWk
INFONAVIT CULHUACAN ZONA 3,2017-05-27,5,"Habilitada 30 calle 7 avenida #zona3, tras tiroteo entre autoridades y delincuentes. Seg√∫n #PNC en el √°rea, un bale‚Ä¶ https://t.co/ew8P9U256C"
LOMAS DE CAPULA,2017-05-27,5,#Lamentable Hay un #Policia muerto a balazos en Lomas de Capula en la delegaci√≥n √Ålvaro Obreg√≥n durante Operativo. https://t.co/tjx5fDJkSt
CALTONGO,2017-05-28,7,Comerciantes dl barrio de Tepito reportan disparos; hay 3 heridos a tiros. Tenochtitl√°n y eje 1 norte. Hay movilizaci√≥n policiaca. @retioDF
MIGUEL HIDALGO 2A SECCION,2017-05-28,5,Reportan un lesionado a balazos en calle victoria y Felipe Angeles 3a secc Miguel Hidalgo en #Tlalpan
SANTA MARIA AZTAHUACAN,2017-05-29,6,@ciudad_segura @UCS_CDMX se oyen balazos por reforma Pensil y torre blanca en la Miguel Hidalgo ya van m√°s de 20 detonaciones
BARRIO SAN LUCAS,2017-06-01,10,Ya hay presencia de granaderos tras balacera en Calz. Ermita Iztapalapa y San Lorenzo. En lugar se encontraron 14 c‚Ä¶ https://t.co/QZHlXCFJ7W
DEL VALLE,2017-06-01,107,Hallan cad√°ver de hombre con disparos y cuchilladas en la Valle-Coche https://t.co/wXRKNcbfzc
OLIVAR DEL CONDE 1RA SECC,2017-06-01,16,Muere hombre a balazos en calle 18 y calle 6 Col. Olivar del Conde #CDMX @retioDF https://t.co/Q1AnX3HvqK
PANTEON CIVIL DE IZTAPALAPA,2017-06-01,12,"Usuario de Twitter comparte video de la mujer muerta a balazos sobre Av. San Lorenzo y Ermita en @Del_Iztapalapa, i‚Ä¶ https://t.co/MDymQF0SBV"
EX HIPODROMO DE PERALVILLO,2017-06-03,10,"üìπ Un hombre fue asesinado a balazos esta tarde en Caruso y Constantino, colonia Ex Hip√≥dromo de Peralvillo, Del. Cu‚Ä¶ https://t.co/E231XQ7T8G"
GUERRERO,2017-06-03,5,"Reportan balacera en la colonia #Guerrero üò≤üëá
https://t.co/1B6kf9Wzqw #TuCiudadTeRequiere https://t.co/lqdq5YGAMl"
EX HIPODROMO DE PERALVILLO,2017-06-04,5,"De almenos 7 balazos ejecutan a conductor de Corvette, Florencio Constantino y Granados Col. Ex  hip√≥dromo de Peral‚Ä¶ https://t.co/XEYVmuPaJX"
BARRIO NORTE,2017-06-05,18,Auxilio en avenida padre hidalgo hay una balacera y calle nueve hagan algo ‚Äî@Alverik_wagen https://t.co/W6SygLoUGs
MIGUEL HIDALGO,2017-06-05,6,Nos indican de otra balacera en la colonia Miguel hidalgo en #Tlalpan https://t.co/XSg8IjeDY6
PERALVILLO,2017-06-05,11,"Un hombre es asesinado a balazos por sujetos que lo atacaron cuando bajaba de su auto en la colonia Peralvillo, CdM‚Ä¶ https://t.co/7eOJsLbRKE"
PEDREGAL DE SAN NICOLAS 2DA SECC,2017-06-06,6,"#CdMx | 

Se registra balacera en Halacho y Dzitas,col Pedregal de San Nicol√°s 3raSecci√≥n; reportan un muerto, SSP en el punto

#Precauci√≥n"
POPOTLA,2017-06-06,5,"Esta ma√±ana en #MarianoEscobedo y #LagoGarda, Col Popotla, se reportaron 2 personas muertas a balazos; la‚Ä¶ https://t.co/9KtSjqFrEM"
PROGRESO NACIONAL,2017-06-06,11,Movilizaci√≥n de servicios de emergencia por balacera en Calle 10 al cruce con Perlillar Col. Ampliaci√≥n Progreso Nacional #TraficoRVial
EX HIPODROMO DE PERALVILLO,2017-06-07,6,@tritonazteca11 Grave inseguridad en #CDMX 4 heridos tras ser atacados a balazos anoche Calz Vallejo y Pte 112 en @gamadero @ManceraMiguelMX
GUERRERO,2017-06-08,27,Un muerto y 2 heridos a tiros deja balacera en la col Guerrero. Soto y Camelia. Zona centro #CDMX @SergioyLupita https://t.co/wIZLgQ7cEZ
FRACC HERMOSILLO,2017-06-10,6,"""Pens√© q nos iban a matar"": habitante de colonia de #Hermosillo, al quedar entre balacera d polic√≠as y delincuentes https://t.co/AQ4g9y1Wwh"
JORGE NEGRETE,2017-06-12,5,10 disparos con arma de fuego sobre virginia f√°bregas esq. andres soler col. jorge negrete gam ya casi ‚Ä¶ ‚Äî@sigxlira https://t.co/yl7jR9kyVE
MERCED BALBUENA,2017-06-12,7,"Detonaci√≥n de disparos donde muere el presunto delincuente en la Col. Merced Balbuena. Llegan m√°s polic√≠as al apoyo, otros corren. @retioDF"
OBRERA,2017-06-12,18,Vecinos reportan disparos y persona herida en vecindad. Chimalpopoca y Bol√≠var en el centro. #CDMX. @retioDF
20 DE noviembre,2017-06-13,94,Agentes de la @SSP_CDMX contin√∫an laborando por balacera en calle Choferes y Floricultura Col. 20 de Noviembre‚Ä¶ https://t.co/S92boRgG5Y
AJUSCO,2017-06-14,6,Hace menos de 20 minutos ha habido disparos a los alrededores de santa ursula cerca de col. ajusco ‚Äî@Ulichet https://t.co/vyT9vBGXWM
PARQUE SAN ANDRES,2017-06-14,16,"Alerta en Virginia por tiroteo; congresista republicano resulta herido
https://t.co/DPYtCq5PYk"
SAN JOAQUIN,2017-06-14,8,"@retioDF #asalto lateral de R√≠o San Joaquin a Perif√©rico Nte, hubo balazos. @SSP_CDMX URGE vigilancia fija ah√≠, casi diario pasa algo."
SANTA MARIA LA RIBERA,2017-06-14,5,"Rafaga de balazos en santa mar√≠a la ribera, se escucharon por flores mag√≥n y naranjo. ‚Äî@mikelangelob https://t.co/yBYmM8FaGE"
GUADALUPE YECAHUIZOTL,2017-06-16,5,"Buenas noches @UCS_CDMX , hace unos minutos se escuch√≥ una r√°faga de balazos en Eje 10 Copilco casi esq. Universidad. @SSP_CDMX"
SAN DIEGO OCOYOACAC,2017-06-17,10,"#CdMx | 

Asesinan a automovilista a balazos sobre Golfo de Tehuantepec y Lago Managua, col San Diego Ocoyoacac. De‚Ä¶ https://t.co/FusczDyYtE"
HIPODROMO DE LA CONDESA,2017-06-18,7,"@SSP_CDMX balacera en Condesa, me pasaron enfrente sujetos armados, 1.75, uno cazadora verde olivo, otro camisa blanca se fueron por Miner√≠a"
PUEBLO LA MAGDALENA CONTRERAS,2017-06-18,28,Polic√≠a de la CDMX atiende balaceras en la Magdalena Contreras Video https://t.co/iAwhinykux
HIDALGO,2017-06-19,9,S.o.s muchos balazos en calle bondojito esquina huinchapan de le√≥n col. hidalgo alvaro obregon atr√°s de‚Ä¶ ‚Äî@gafabeth https://t.co/1gJNLjeULg
SAN ANDRES TOTOLTEPEC,2017-06-19,6,Dos personas fallecieron durante un tiroteo en la fiesta patronal de San Andr√©s Totoltepec en la delegaci√≥n Tlalpan‚Ä¶ https://t.co/3voWYOqMuV
SAN JOAQUIN,2017-06-19,6,"@SSP_CDMX @isidrocorro balacera en General Arista cruce con mexico-tacuba, ojal√° ahora si agarren a estos malditos"
TEPEYAC INSURGENTES,2017-06-19,10,"@SSP_CDMX Se est√°n escuchando varios balazos en la colonia Tepeyac Insurgentes, van como 10 detonaciones en la GAM. Ayuda!!"
JUVENTINO ROSAS,2017-06-20,14,"Muere hombre a balazos en calle de Recreo y Sur 117 Col. Juventino Rosas, Iztacalco #CDMX @retioDF"
MORELOS,2017-06-20,6,"Una balacera en la colonia Morelos, en la Ciudad de M√©xico, dej√≥ como resultado una persona sin vida y otras dos m√°‚Ä¶ https://t.co/svhmZDqAGr"
EL RISCO CTM,2017-06-21,14,Mujer muerta y un herido deja balacera en fernando amilpa y luis yurem col. ctm el risco gam #cdmx ‚Äî@ElPolloCDMX https://t.co/CISopPy9x5
XOTEPINGO,2017-06-21,5,Una balacera en Divisi√≥n del Norte y Cuauht√©moc.  ¬øQu√© est√° pasando en esta Ciudad? @enladelvalle @LOMMX @ManceraMiguelMX @SSP_CDMX
DOCTORES,2017-06-22,8,"@hiramalmeidae @RicardoMonrealA @SSP_CDMX @UCS_CDMX Cu√°ndo el Operativo a la col. DOCTORES, Todos los d√≠as disparos, drogas, agresiones!"
EL RISCO CTM,2017-06-22,12,Mujer muerta y un herido deja balacera en fernando amilpa y luis yurem col. ctm el risco gam #cdmx ‚Äî@ElPolloCDMX https://t.co/CISopPy9x5
VALLE DE LUCES,2017-06-22,6,"Asesinan de varios disparos a un hombre que com√≠a en un puesto ambulante, Tizoc y Tenochtitlan, Col Valle de Luces‚Ä¶ https://t.co/N3FykqvrcJ"
SAN FRANCISCO CULHUACAN,2017-06-24,8,Asesinan a balazos a hombre en un negocio sobre Taxque√±a y Hidalgo col.San Francisco Culhuac√°n. SSP resguarda el cu‚Ä¶ https://t.co/tgqQYSh5l6
LA MALINCHE,2017-06-25,8,Muchos disparos en capitan vertiz col. maliche del magdalena contreras favor de enviar patrulla creo ‚Ä¶ ‚Äî@OctAllende https://t.co/Jh9EG0hWva
SAN JUAN TLIHUACA,2017-06-25,14,@SSP_CDMX se acaban de escuchar balazos en San Juan Tlihuaca en @AzcapotzalcoDF en la calle Fco Murgu√≠a casi esq con Mar√≠a Lugo
SAN FRANCISCO CULHUACAN,2017-06-26,12,"Ejido y Tlacuiloca, San Francisco Culhuac√°n en Coyoac√°n: la noche de ayer joven es asesinado de tres disparos de ar‚Ä¶ https://t.co/JrCGJc0VWi"
BELLAVISTA,2017-06-28,21,Un muerto y 2 heridos deja ataque a balazos en Bellavista  https://t.co/RnaOdXXFkJ
LOMAS DE CHAPULTEPEC,2017-06-28,6,Reportan persona herida por disparos de arma de fuego en Monta√±as Rocallosas y Montes C√°ucaso en Col. Lomas de Chapultepec. @retioDF
PLAN DE BARRANCAS,2017-07-01,7,"DICEN que hay una balacera en progreso en Paseo Constituyentes, a la altura de Walmart. Tr√°fico detenido y autos regresando, sentido a MX"
FELIPE ANGELES,2017-07-03,33,Motociclista asesina a balazos a Policia @SSP_CDMX en el cruce de Circuito Interior y Norte 64 @gamadero Responsabl‚Ä¶ https://t.co/JCMpI8jqy9
TLAZINTLA,2017-07-03,5,"Fuerte balacera en eje 3 oriente (francisco del paso y troncoso) esquina con la calle de recreo, i‚Ä¶ ‚Äî@luismorabrito https://t.co/xSbRi7Sxzs"
SANTA MARIA AZTAHUACAN,2017-07-04,8,"Despu√©s de robar, asaltantes asesinan a balazos a la cajera de un OXXO en la Av. Jalisco cerca del metro Tacubaya, @ciudad_segura @retioDF"
GRAL PEDRO MARIA ANAYA,2017-07-06,29,"#SM_CDMX
Muere Asaltante por disparos de arma de fuego, sobre Carrillo puerto y golfo de Aden. 
@delegacionMH https://t.co/WqBS97l6GD"
PLAN DE BARRANCAS,2017-07-07,5,"Seg√∫n me informan el intercambio de disparos es el Paseo Anauco, se presume que fue entre la antisociales y la GNB. #PorConfirmar"
SAN JUAN XALPA,2017-07-07,9,#CdMx | Contin√∫an las balaceras en la Cd de la Furia;servicios de emergencia se dirigen a Camino Real aToluca y Bellavista x persona baleada
MORELOS,2017-07-13,9,Muere hombre de 7 balazos en Palma Norte y Libertad Col. Morelos #CDMX @retioDF
TLAXPANA,2017-07-13,7,"#CdMx |

Me reportan una balacera en la colonia Tlaxpana, delegaci√≥n Miguel Hidalgo. Les informo!"
ESCANDON,2017-07-14,19,@SSP_CDMX balacera en la Condesa en este momento...se escucha hacia Av Patriotismo y Alfonso Reyes
PERALVILLO,2017-07-14,10,Marq al 911 para notificar de varios disparos en circuito interior y alfonso reyes nunca contestaron ‚Äî@lestrada77 https://t.co/X6lSFBHzFE
HIPODROMO DE LA CONDESA,2017-07-15,11,A medianoche balacera en la Condesa con persecuci√≥n en contraflujo sobre Circuito Interior termina con un asegurado‚Ä¶ https://t.co/OAFkIWK57M
OBRERA,2017-07-15,8,Se escucharon balazos en la colonia obrera a la altura del eje 2 y eje central podr√≠an mandar unid‚Ä¶ ‚Äî@tenelugo3tovi https://t.co/S7YbyzQ8LI
INSURGENTES,2017-07-16,11,"Se est√°n dando con todo moradores de 2 vecindades en Mart√≠n Carrera en GAM. Hay disparos, botellazos y golpes. Ray√≥n y Av Mart√≠n Carrera."
PRESIDENTES DE MEXICO,2017-07-16,12,"Llegan sujetos armados,amenazan, golpean, disparan y huyen. Comerciante lesionado por bala en V√©lez y Dr.Norma en l‚Ä¶ https://t.co/bMuXufPhGT"
Z URB EJ LOS REYES CULHUACAN,2017-07-16,5,"#CdMx |

Asesinan a una persona a balazos en Moctezuma y Tizoc, col. Los Reyes Culhuac√°n. Por este homicidio no hay‚Ä¶ https://t.co/uVmqiOC9lU"
CENTRO,2017-07-17,9,As√≠ el momento donde asesinan a hombre a balazos en Nicol√°s Bravo y Jos√© Joaqu√≠n Herrera Col. Centro #CDMX por la n‚Ä¶ https://t.co/vV716PY78H
DESARROLLO URBANO QUETZALCOATL,2017-07-19,6,"Persona muere por disparos de arma de fuego en villa cid de la col. desarrollo urbano quetzalc√≥atl, iz‚Ä¶ ‚Äî@tavojeda5 https://t.co/CUoGXeT3Do"
AMPL TORREBLANCA,2017-07-20,23,"Un hombre fue asesinado a balazos en restaurante #Vips de Calzada Legaria y Lago Gran Oso, Col. Pensil, Del. Miguel‚Ä¶ https://t.co/V49iSmOTZu"
JOSE LOPEZ PORTILLO,2017-07-20,7,Conductor de taxi muerto a balazos en calles de la colonia Jos√© L√≥pez Portillo de #Iztapalapa #CDMX.‚Ä¶ https://t.co/Ti6oX86zjm
LA NOPALERA,2017-07-20,6,üö®#AlMomento üö®La zona de #Tl√°huac sigue muy caliente. Reportan balacera en la colonia Nopalera y bloqueos de mototax‚Ä¶ https://t.co/IwBa2UEotZ
LOS CIPRESES,2017-07-20,6,8 muertos deja tiroteo entre marinos y narcos en Tl√°huac. #CDMX https://t.co/XHVxsl2Y3V
SAN LORENZO HUIPULCO,2017-07-20,8,Reporte de disparos calle juan bosco entre fray andres de cordoba y fray francisco de los angeles co‚Ä¶ ‚Äî@LaVascoCDMX https://t.co/O4SV6KTAiG
ESPERANZA,2017-07-22,5,"Se acaban de escuchar 6 disparos en Calz de La Viga 
Col. Esperanza Del Cuauhtemoc pueden mandar a una unidad @SSP_CDMX @UCS_CDMX"
FUEGO NUEVO,2017-07-22,14,"Un grupo armado anoche lesion√≥ a cuatro hombres durante dos balaceras en Colonia Fuego Nuevo, Iztapalapa https://t.co/4al3f03jTa"
SANTA MARIA NATIVITAS,2017-07-22,63,@La_Portales @SSP_CDMX Se escucharon balazos por Av.Emiliano Zapata y Eje Central
DESARROLLO URBANO QUETZALCOATL,2017-07-23,7,"Ahorita una balacera con reporte de varios heridos y dos fallecidos en un mercado de la Av. Texcoco, l√≠mites con Iztapalapa y Neza @retioDF"
JUAN ESCUTIA,2017-07-23,239,"#AHORA Dos muertos y varios heridos deja balacera en el tianguis de San Juan, en la colonia Juan Escutia, de la del‚Ä¶ https://t.co/GT3jwGlWTC"
LLANO REDONDO,2017-07-23,51,Empistolados en moto disparan contra bar en la col Llano Redondo en A. Obreg√≥n; matan a 3 personas. Imparable la violencia en la #CDMX.
LOMAS DE PLATEROS,2017-07-23,11,"#Nacionales Dos muertos y varios heridos tras balacera en tianguis de Iztapalapa, en la #CDMX‚Ä¶ https://t.co/QwN5HFVIaN"
DIAMANTE,2017-07-26,7,"Sobre Miramontes altura Zapamundi: lesionado PAF en asalto a transporte p√∫blico, le disparan por venir dormido, apo‚Ä¶ https://t.co/o2w71vmFje"
BOSQUES DE CHAPULTEPEC,2017-07-28,5,#HDLM Sujetos armados disparan contra casa en Bosques de Chapultepec. V√≠a @ehecatlmello https://t.co/wQLyba8kve
SAN JUAN DE ARAGON 7MA SECC,2017-07-28,7,"#CDMX: 1 muerto por arma fuego, 16:49 reportan disparos en calle 414 y 481 col. 7ma secci√≥n, San Juan de Arag√≥n. https://t.co/HNfWd2627L"
3A SECC LOS CERRILLOS,2017-07-29,8,"Realiza disparos en Eje Central con subametralladora, lo persiguen, choca, lo ayudan y despu√©s se les da a la fuga‚Ä¶ https://t.co/gzDdaFPU2k"
SIDERAL,2017-07-29,5,Pido apoyo de patrullas se escuchan disparos en av. sat√©lites esq con calle hiperi√≥n col. sidera‚Ä¶ ‚Äî@PowerBlackRosse https://t.co/Vb67dCanXC
ATZACOALCO,2017-07-30,5,"Se escucharon disparos en la col. nva atzacoalco, clle 307 y 306 del. gam ‚Äî@heserel https://t.co/XWcwp7HM9m"
MORELOS,2017-07-30,6,@UCS_CDMX balacera entre carroceros y eje 1 norte. Casi esquina con Sastrer√≠a. Casi 20 balazos. No hay patrullas
PEDREGAL DE SANTO DOMINGO,2017-07-30,89,Reportan balazos en la col.santo domingo sobre la calle anacahuita atr√°s de la estaci√≥n universidad del m‚Ä¶ ‚Äî@Huatoo https://t.co/7ADUyeutZK
SANTO DOMINGO,2017-07-30,72,√öltimo minuto: Vecinos de la colonia Santo Domingo en #Coyoac√°n reportan balacera; hay 5 personas heridas tiradas en el piso. @retioDF
PERIODISTA,2017-07-31,53,Se desata balacera en unidad del transporte p√∫blico en #Tl√°huac y #Perif√©rico. Al menos dos lesionados por arma de fuego
GUADALUPANA,2017-08-01,5,"Dos hombres fueron asesinados a balazos en la Colonia Guadalupana, informa la Polic√≠a de Tlaquepaque"
NUEVA ATZACOALCO,2017-08-01,9,"üìΩÔ∏èUn hombre fue asesinado a balazos esta tarde en Calle 319, entre 314 y 316 , Colonia Nueva Atzacoalco, Delegaci√≥n‚Ä¶ https://t.co/Ek5EdypfdK"
BOSQUE DE SAN JUAN DE ARAGON,2017-08-03,10,"Mujer asesinada ayer a balazos cuando circulaba en su auto por la Av. 608 frente al metro #BosqueDeArag√≥n.
https://t.co/pZPcXpgJ3f"
CALTONGO,2017-08-03,7,"Se registra balacera en la Col. Morelos #Tepito, en Tenochtitlan y Eje 1. Reportan al menos 5 lesionados. (üì∏@OpEsMx) https://t.co/WlfEpSi3lA"
SEVILLA,2017-08-03,6,"Se arma balacera en Roa B√°rcenas y Fco. Ayala, col. Vista Alegre. Ladrones de autos vs. polic√≠as. Saldo: 1 delincuente herido y 2 detenidos."
JORGE NEGRETE,2017-08-06,7,"Hay una persona fallecida por disparos de arma de fuego en R√≠o San Pedro y Arozamena en la Col. Jorge Negrete, GAM @ciudad_segura @retioDF"
AMPL GABRIEL HERNANDEZ,2017-08-08,6,Persona muerta por disparos de arma de fuego en transporte p√∫blico en perif√©rico a la cdmx en la zona ‚Ä¶ ‚Äî@tavojeda5 https://t.co/9ASQZdtHfp
BARRIO SANTA BARBARA,2017-08-08,6,Los detuvimos cuando realizaban disparos al aire en el Barrio de Santa B√°rbara #IZP. Aseguramos un arma tipo pluma‚Ä¶ https://t.co/DbI9dG1Hee
VALLE DE LUCES,2017-08-09,8,Tras reporte de disparos queda lesionada una persona en #cetram #tlahuac #cdmx lo‚Ä¶ https://t.co/r8WYmCSplL ‚Äî@bsk_mtz https://t.co/pauTplQrJ3
5 DE mayo,2017-08-10,6,"Por segunda noche consecutiva me reportan balacera en Lago Zurich, col. Pensil. Hay un lesionado, les informo!"
JOSE LOPEZ PORTILLO,2017-08-10,9,"Persona muere por disparos de arma de fuego en calle 21 y calle 13 en la col. jos√© l√≥pez portillo, izt‚Ä¶ ‚Äî@tavojeda5 https://t.co/GSHvFOxdoI"
LA MALINCHE,2017-08-10,16,"#Atenci√≥n asesinan a una persona de varios disparos, Cda de Risa Azul y E. Zapata, Col La Malinche @DelLaMagdalenaC‚Ä¶ https://t.co/vsGbNIAVBX"
SANTA MARIA AZTAHUACAN,2017-08-10,13,"En la Miguel Hidalgo, motocicletas cierran paso a camioneta, asesinan a balazos al conductor https://t.co/Eo8A8Jp4A4 https://t.co/N73TaJC5qf"
EL ARBOLILLO,2017-08-14,7,M√°s informaci√≥n de la balacera en Avenida Central. https://t.co/JMkV5Gk1r0
MORELOS,2017-08-14,23,2 lesionados y 1 muerto por paf en tiroteo dentro de vecindad en #peralvillo  #15  col #Morelos https://t.co/LtSlZZa2uf
SANTA ISABEL TOLA,2017-08-14,48,VIDEO. As√≠ se vivi√≥ la balacera en la Cervecer√≠a de Banda en el Centro de CDMX https://t.co/kBNaJ2fjxf
GUERRERO,2017-08-15,24,Se registra balacera en la colonia Guerrero en la CDMX; al menos un muerto: Esta ma√±ana fue reportada una¬†balacera‚Ä¶‚Ä¶ https://t.co/rS8hIuPjpx
NUEVA ATZACOALCO,2017-08-16,33,URGENTE:   Reportan disparos en √°rea del Hospital Roosevelt.
Del Valle,2017-08-17,7,#√öltimaHora üî¥ El hombre que escap√≥ del control policial en la Diagonal ha muerto en un tiroteo en Sant Just. https://t.co/QjVwc1rpYA
GABRIEL HERNANDEZ,2017-08-17,6,Parece que se est√° dando un tiroteo en la zona del Mercado de la Boquer√≠a.
TABACALERA,2017-08-17,5,Un tiroteo en el paseo de Cambrils üòêEsto no termina...
PUEBLO SANTA MARTHA ACATITLA,2017-08-18,7,"#InseguridadCDMX asesinan de dos disparos a mujer en Francisco Sarabia y Octavio Paz, Sta Martha Acatitla‚Ä¶ https://t.co/XIzwVYpGmg"
EL ARBOLILLO II CROC,2017-08-19,11,"√öLTIMA HORA: Reportan un tiroteo en la estaci√≥n de Nimes, Francia https://t.co/qDvdg9eRhh https://t.co/0Hf9c9mQj9"
DESARROLLO URBANO QUETZALCOATL,2017-08-20,9,#CDMX tres muertos por disparos de arma de fuego en Vicente Guerrero en el Pueblo de Culhuacan #Iztapalapa‚Ä¶ https://t.co/GMZpNMJKLT
Del Valle,2017-08-20,6,Intento de atraco termino en balacera Calle 7e con carrera 19c1 @Valledupar_Col  a mi valle en q te has convertido‚Ä¶ https://t.co/CLqam4sPZF
POPOTLA,2017-08-22,62,"#Atenci√≥n uno de los detenidos en balacera registrada en Mar Egeo y Av Cuitl√°huac en #MiguelHidalgo, tambi√©n hubo p‚Ä¶ https://t.co/Ll0YuTKHIZ"
PROGRESO TIZAPAN,2017-08-22,17,Se desata balacera durante intento de desalojo en Popotla; reportan un muerto https://t.co/pVZJ2yeN4F https://t.co/b6WVVlXPfu
SAN ANDRES,2017-08-22,9,Un hombre result√≥ con 3 balazos al oponerse al asalto dentro de Micro sobre Emiliano Carranza col San Andr√©s y las‚Ä¶ https://t.co/tdLou9NSfi
SAN BARTOLO AMEYALCO,2017-08-22,6,"üìπ#NotiMinutoSeguridad Un hombre fue asesinado a balazos en San Bartolo Ameyalco, √Ålvaro Obreg√≥n‚Ä¶ https://t.co/Mcawk0TeBP"
INDUSTRIAL,2017-08-23,45,#Rata muere tras enfrentarse a #balazos con @SSP_CDMX en Miraflores y Excelsior Col.Industria @gamadero estaba roba‚Ä¶ https://t.co/mWhCpRXXPt
DESARROLLO URBANO QUETZALCOATL,2017-08-24,5,"OJO. Labora la @PGJDF_CDMX en calles de la col. Desarrollo Urbano Quetzalc√≥atl, #IZP donde un hombre fue asesinado a balazos. üíÄ"
EMILIO CARRANZA,2017-08-24,10,Asesinan a hombre a balazos abordo de autom√≥vil en Ferrocarril de Cintura y Circunvalaci√≥n Col. Emiliano Carranza VCA #CDMX @retioDF
MORELOS,2017-08-24,5,Muere un hombre de dos disparos de arma de fuego en ferrocarril de cintura y pintores colonia Morelos se presume qu‚Ä¶ https://t.co/55kSh9n6pc
AMPL SANTA CRUZ,2017-08-25,5,Persecuci√≥n y balacera sobre Perif√©rico en Palmas deja un muerto y tres heridos https://t.co/HPAYw3GPEw https://t.co/MPkhsNzzus
LOMAS ALTAS,2017-08-25,13,Muere uno en balacera en Lomas https://t.co/406TsxkRBt
MORELOS,2017-08-25,56,"Los de la moto le quer√≠an quitar su coche. Los recibi√≥ a balazos. Uno herido. El otro muerto. Colonia Morelos, CdMx‚Ä¶ https://t.co/LNEkfEgTV4"
DEL GAS,2017-08-26,59,Taxistas armados disparando al aire en la Colonia.  Ampliaci√≥n del gas en Azcapotzalco @MrElDiablo8 @IrvingPineda‚Ä¶ https://t.co/O5PAz9SKNV
MORELOS,2017-08-26,47,Automovilista mata a disparos a un sujeto que intent√≥ asaltarlo en la colonia Morelos de la delegaci√≥n Venustiano C‚Ä¶ https://t.co/HMMn1kmCKQ
INFONAVIT EL ROSARIO,2017-08-27,12,Gritos balacera y alboroto en restaurante casa de to√±o sabino santa mar√≠a la ribera urge patrulla ‚Äî@REPORTINQUIETO https://t.co/7G8c2G0nOZ
LOMAS DE CHAPULTEPEC,2017-08-27,7,Persecuci√≥n y balacera de #Naucalpan a #CDMX. Un muerto. Lomas de Chapultepec #MH. #OncesDeLaNoche. https://t.co/mHsL0IUs02
MORELOS,2017-08-27,7,"Reportan disparos sobre Eje 1 Norte y Tenochtitl√°n, Col Morelos hay un herido y en Canal del Norte y Ferrocarril Hidalgo, GAM, otro m√°s !!!"
LOMAS DE SAN JUAN IXHUATEPEC A SECCION,2017-08-28,8,"¬øA√∫n trabajas @eruviel_avila? 
Una persona fue asesinada a balazos en asalto a transporte en la M√©xico-Pachuca, cer‚Ä¶ https://t.co/7UkKmlqfdX"
BARRIO CRUZTITLA,2017-08-29,18,Vecinos reportan disparos en el coraz√≥n de Tepito. Hay un jovencito tirado en el piso. Fray Bartolom√© y Aztecas. #CDMX @retioDF
DEL OBRERO,2017-08-29,5,#UltimaHora Reportan tiroteo en biblioteca p√∫blica de Nuevo M√©xico https://t.co/69sKGsEF7Y https://t.co/7evxM3xzdJ
EJIDOS DE SN PEDRO MARTIR,2017-08-29,5,"üìπ #NotiMinutoSeguridad Un hombre fue asesinado a balazos en terreno ubicado en Retorno Palma y Tepoz√°n, en Tlalpan‚Ä¶ https://t.co/y7AAuGBvms"
SAN FRANCISCO TETECALA,2017-08-29,5,Un joven de 16 a√±os acaba de ser #Asesinado a balazos en Bartolom√© de las Casas y Aztecas en pleno coraz√≥n de‚Ä¶ https://t.co/4TsuLprGNc
JANITZIO,2017-08-30,5,"Precauci√≥n, movilizaci√≥n policiaca cerca del metro Canal del Norte en la calle Plomeros, Col Janitzio, 2 personas heridas a balazos @retioDF"
POLANCO CHAPULTEPEC,2017-08-31,82,"Ahora balacera en polanco, ¬øqu√© tal tus ganas de ser presidente pinche #MiniMancera? @ManceraMiguelMX"
HUITZICO,2017-09-01,6,"Alguien esta tirando balazos en calle gavilleros y camelia, col. potrero, iztapalapa. ‚Äî@Dumahim https://t.co/vCl4oqyEvi"
PEQUENA TEPEXIMILPA,2017-09-01,5,Intento de asalto y balazos en circuito interior pasando eje 1 direcci√≥n aeropuerto... no se si hubo heridos manden patrullas @ApoyoVial
CONSTITUCION DE,2017-09-02,16,"En otra balacera sobre Perif√©rico y Nautla, col Casa Blanca en Iztapalapa, muere conductor de este auto. Ya SSP aco‚Ä¶ https://t.co/RRiMGDpyzg"
POLANCO CHAPULTEPEC,2017-09-02,14,#LoM√°sVisto La balacera en Polanco que dej√≥ una persona muerta (+VIDEO) https://t.co/YUFjWkw3Md  üò° https://t.co/JbiFS4XeTi
BOSQUES DEL PEDREGAL,2017-09-03,7,"Ayer y antier, muertos en Bosques del Pedregal. Ahora, balazos en Pedregal de San Nicol√°s. ¬°Cu√°nta violencia! ¬°Cu√°n‚Ä¶ https://t.co/cSTjS0HkGj"
GUERRERO,2017-09-03,9,"Se escucharon bastantes disparos en la zona de Camelia, Soto y Sol en @LaGuerreroDF solicitamos patrullaje @UCS_CDMX"
POLANCO CHAPULTEPEC,2017-09-03,10,#LoM√°sVisto La balacera en Polanco que dej√≥ una persona muerta (+VIDEO) https://t.co/YUFjWkw3Md  üò° https://t.co/SpmsozB3uG
TLALPAN CENTRO II,2017-09-03,6,.@OpEsMx en #Periscope: Un muerto y tres lesionados en balacera en Tlalpan calle Chemax y Sotuta. https://t.co/8PVlyjFy7l
POLANCO CHAPULTEPEC,2017-09-04,14,Cuando el socav√≥n mostraba que @ManceraMiguelMX trae un desmadre... ¬°Pum! balacera en #Polanco... Ah pero qu√© tal quiere ser presidente...
AMPL GABRIEL HERNANDEZ,2017-09-07,20,@trafico889 balacera en perif√©rico https://t.co/PEUH2oPy1Q
AMPL SANTA CRUZ,2017-09-07,9,#Precauci√≥n se registran disparos en carriles centrales de Perif√©rico. Informaci√≥n en proceso. V√≠a @Pipistrukis https://t.co/JXb7FeCIFp
LOMAS DE CHAPULTEPEC,2017-09-07,5,Se registra persecuci√≥n y balacera en Prado Norte y Reforma. SSP y servicios de emergencia al punto. #Precauci√≥n
ZONA RES ACUEDUCTO DE GUADALUPE,2017-09-07,15,Muerto a balazos en perif√©rico al norte a la altura de perisur https://t.co/kbuVhi7ijr
AMPL GABRIEL HERNANDEZ,2017-09-08,19,Sujetos armados disparan contra auto sobre Perif√©rico; dejan un muerto y se llevan a una persona‚Ä¶ https://t.co/nVouVdfqWD
ATZACOALCO CTM,2017-09-08,6,"Esta tarde seis sujetos intentaron asaltar la tienda #iShop #Mixup de Reforma y Prado Sur, hubo disparos, detienen‚Ä¶ https://t.co/BXqe4HJGAd"
MAGDALENA DE LAS SALINAS,2017-09-08,25,Tenemos un muerto a tiros y 2 heridos graves tras balacera en la col Panamericana. Norte 9 y Poniente 118. #CDMX @retioDF
FRACC CLUB DE GOLF MEXICO,2017-09-10,6,"#Reporte ri√±a callejera se escucharon balazos en la Calle 9, Col. Heron Prohal @DelegacionAO  @SSP_CDMX @hiramalmeidae"
COVE,2017-09-13,7,Vecinos de la colonia Cove en Miguel Hidalgo nos reportan disparos y una persona al parecer sin vida. Observatorio y Sur 114. #CDMX
MORELOS,2017-09-13,8,Se registra movilizaci√≥n policial en la Col. Morelos por tiroteo en Nacional y Circunvalaci√≥n.Reportan polic√≠a lesi‚Ä¶ https://t.co/jsH7xzrEyM
BARRIO SAN ANTONIO CULHUACAN,2017-09-14,20,"Contin√∫an las balaceras y asesinatos en la CdMx, de varios balazos fue asesinada una persona en Eje 3 Oriente y Gan‚Ä¶ https://t.co/BN5aaraMDv"
BUENAVISTA,2017-09-14,166,"Un ni√±o de 7 a√±os y su padre son ejecutados con al menos 15 balazos en la colonia Buenavista, en la CdMx‚Ä¶ https://t.co/1Oo8ONDWlu"
COVE,2017-09-14,23,Hombre #Asesinado a balazos cuando de dispon√≠a  a comer en #Pozoleria de la Av.Observatorio y Sur 114 Col.Cove‚Ä¶ https://t.co/bxIO6SkEFK
IXTLAHUACAN,2017-09-14,5,"En otra balacera en la Cd de la Furia acaban de matar a un menor y un adulto en Flores Mag√≥n y Guerrero, SSP acordona la zona; #Precauciones"
PROGRESO DEL SUR,2017-09-14,14,"Mujer v√≠ctima de disparos en el eje 3 ote dir ermita entre granjeros y ganaderos, apenas llegaron servic‚Ä¶ ‚Äî@MaeSanx https://t.co/HoBWmcG4dx"
PROVIDENCIA,2017-09-14,5,"#Video üé• | 

Peritos retiran el cuerpo de hombre asesinado a balazos en Pozoler√≠a ""Tere"", Observatorio y Sur 114, c‚Ä¶ https://t.co/3AAh4CnKdK"
ANAHUAC MARIANO ESCOBEDO,2017-09-16,19,"6:57 am y el primer tiroteo se escucha en Lago Bolsena y L Silverio, @SSP_CDMX sigue ausente..."
EL RISCO CTM,2017-09-16,12,"Con golpes y disparos al aire polic√≠as de CDMX llevan a cabo operativo en la Doctores üò´üòì 
https://t.co/27E9SCLNwa https://t.co/Zmwdz0Dlra"
LA PASTORA,2017-09-16,6,En donde esta la seguridad estan tirando balazos en la col la pastora urge patrulla pero ya ‚Äî@jovannylag https://t.co/ZIySuQiFx4
PARQUE NACIONAL FUENTES BROTANTES,2017-09-16,6,As√≠ fue la balacera registrada esta tarde en el Circuito Mexiquense https://t.co/8XPuaMDpeT
TEZOZOMOC,2017-09-16,7,Se escuchan balazos cerca de col tezozomoc ‚Äî@sergioabrahanro https://t.co/LryYSAjGN0
TABACALERA,2017-09-20,35,#EnEsteMomento reportan enfrentamiento a balazos en Paseo La Fe... habr√≠a al menos una persona sin vida y hombres a‚Ä¶ https://t.co/icEoboF8j2
SAN FRANCISCO APOLOCALCO,2017-09-22,9,"No vayan por la Colonia Roma, mas concretamente por la calle Tabasco. Estan habiendo asalto y tiroteos. 21:50 pm"
Del Valle,2017-09-23,132,Asaltantes disparan contra uno de dos estudiantes que se oponen al robo. Calle Valle de Tehuac√°n col Valle de Arag√≥‚Ä¶ https://t.co/hLG00uVWR8
GUADALUPE TEPEYAC,2017-09-23,7,@SSP_CDMX se escucharon balazos en la colonia Guadalupe Tepeyac! En la calle de Yolanda
PANTITLAN,2017-09-23,8,Acabo de o√≠r balazos en la colonia que est√° a un lado del elektra sobre eduardo molina. ‚Äî@Julio_HSO https://t.co/2yqla20oka
TORIELLO GUERRA,2017-09-23,5,Lo que nos faltaba en Coapa... una balacera en el Colegio Madrid.
ARGENTINA ANTIGUA,2017-09-24,6,Se escucharon varios disparos aqu√≠ afuera de mi casa ignacio allende entre lago musters y priv.dr. miguel ‚Ä¶ ‚Äî@Xyvis https://t.co/uqD8qC0wVJ
DOCTORES,2017-09-24,18,"No cesa la #violencia, en la Col Doctores, #asesinan a una persona y dejan otra mal herida, les disparan m√°s de 20‚Ä¶ https://t.co/GDBtkuOyeB"
NUEVA ATZACOALCO,2017-09-25,6,"@SSP_CDMX m√∫ltiples disparos en calle 318, esquina 311 en Nueva Atzacoalco, delegaci√≥n GAM"
TLAXPANA,2017-09-25,5,@UCS_CDMX @C5_CDMX balazos en Tlaxpana 2 sujetos en moto @VecinosTlaxpana @ManceraMiguelMX @XochitlGalvez @vromog
VALLE GOMEZ,2017-09-25,5,"@SSP_CDMX  se requiere patrulla en colonia Valle G√≥mez del. V.C , cp 15210 calle vanadio y proa√±o . Sujetos drogados disparando"
ANAHUAC,2017-09-27,5,"Afuera de mi casa en la colonia anahuac hay balazos, reporte en #911 y no han mandado nada. lago cha‚Ä¶ ‚Äî@erick_ahedo https://t.co/F6konUfI4A"
JUAN ESCUTIA,2017-09-27,28,Baja helic√≥ptero @SSP_CDMX  en Zaragoza a la altura de la colonia Juan Escutia. Indican de balacera en el lugar. https://t.co/Zi6tXfO2F8
TEPEYAC INSURGENTES,2017-09-27,7,Mueren 2 personas en balacera afuera de un OXXO en Calz Zaragoza casi Perif√©rico. Camioneta de valores involucrada. A√∫n acordonado @retioDF
AMPL GABRIEL HERNANDEZ,2017-09-28,13,Se registr√≥ una balacera a bordo de unidad de  transporte p√∫blico en Perif√©rico frente a Plaza Sat√©lite rumbo a Qro‚Ä¶ https://t.co/Nlw9aURyAm
REFORMA SOCIAL,2017-09-29,10,"Asalto a gasolinera en patriotismo y puente la morena, varios disparos al asaltante https://t.co/bzHv1IiukP ‚Äî@fadame https://t.co/WvMDbZitmu"
PUEBLO SANTA CRUZ MEYEHUALCO,2017-09-30,10,Se escuchan balazos en calle catedral de cuernavaca y cihuatl en la colonia ricardo flores magon del‚Ä¶ ‚Äî@ErigarciaRo https://t.co/VXFRQwaSe2
GUADALUPE TICOMAN,2017-10-01,5,Sujetos armados disparan contra la @SSP_CDMX y Polic√≠a de @TlalnepantladeB en R√≠o de los Remedios y la Aut.‚Ä¶ https://t.co/PuuD3q0odI
MORELOS,2017-10-01,5,"#Lo√öltimo Asesinan a hombres por disparos de arma de fuego en la Colonia Morelos @SSP_CDMX @PGJDF_CDMX 
üìπLeonardo S‚Ä¶ https://t.co/DSpbmQq53k"
SANTA MARIA AZTAHUACAN,2017-10-01,6,Se oyen fuertes disparos de bala en la colonia santa mar√≠a aztahuacan iztapalapa.calle constituci‚Ä¶ ‚Äî@choCHEF_Ramsay https://t.co/ZovC9mMH7m
EL RISCO CTM,2017-10-06,73,Pasaron en moto disparando y lo mataron. Alta Tensi√≥n y San Antonio. Huyen en moto roja. #CDMX: Santuario del crimen. @retioDF
LOMAS DE SAN JUAN IXHUATEPEC A SECCION,2017-10-06,25,As√≠ fue c√≥mo dos polic√≠as de la #CDMX fueron atacados a disparos por un grupo de hombres en la M√©xico-Pachuca https://t.co/Puycqwm1HE
MICHOACANA,2017-10-06,7,"Esta madrugada fue asesinada a balazos una persona en Plomeros y Tizayuca, col.Michoacana, del.V.Carranza. No hay d‚Ä¶ https://t.co/fznWtGsou0"
OLIVAR DEL CONDE RA SECC,2017-10-06,6,Tambi√©n hay otra persona muerta igual por disparos de arma de fuego en Prol. San Antonio y Alta Tensi√≥n en √Ålvaro Obreg√≥n. @retioDF
BELVEDERE DE ESLAVA,2017-10-08,8,"En Troya y Prol. Sacalum en Lomas de Padierna Sur, del. Tlalpan, balacera deja una persona muerta y un presunto res‚Ä¶ https://t.co/MNNAkLieic"
LOMAS DE PADIERNA,2017-10-08,5,Tres muertos derivado de una  balacera en  fiesta en  la colonia lomas   de Padierna CDMX https://t.co/8nZV3Kdfky
BARRIO SAN LUCAS,2017-10-09,8,"Se escucha una tremenda balacera cerca de tinacos, ermita iztapalapa, 09500 sta mar√≠a aztahuac√°n ‚Äî@VeroRGlez https://t.co/2icVgbB5ms"
OLIVAR DEL CONDE RA SECC,2017-10-11,11,"@SSP_CDMX acaban de asaltar un micron√∫s en Colonia Olivar de Conde! Hubo disparos, necesitamos vigilanciaüò°üò°üò°"
UNIDAD HAB NONOALCO TLATELOLCO,2017-10-11,40,De varios disparos de arma de fuego matan a automovilista en Av. Insurgentes con la Calz. Ticom√°n en la GAM. Choca‚Ä¶ https://t.co/2WNKQWtLNU
VILLA DE ARAGON,2017-10-11,44,Se registr√≥ balacera en el estacionamiento de la Comercial Mexicana de Indios Verdes delegaci√≥n Gustavo A. Madero‚Ä¶ https://t.co/mpX4v8lvUz
UNIDAD HAB NONOALCO TLATELOLCO,2017-10-12,14,"Sicarios en moto ejecutan de 10 disparos a Pancho Cayagua, l√≠der del C√°rtel de la Uni√≥n de Tepito. Insurgentes y Ti‚Ä¶ https://t.co/T22uPSyDqV"
ZONA URB STA MARTHA ACATITLA NORTE,2017-10-12,6,Contin√∫an las balaceras en la #CdMx. Servicios de emergencia se dirigen a Rep√∫blica Federal y Calzada Zaragoza por una persona baleada
PEDREGAL SANTA URSULA XITLA,2017-10-16,6,Se escucharon como balazos por zona tlalcoligia y pedregal santa √∫rsula xitla üòü ‚Äî@Jocelyn2R https://t.co/EMu528BSAn
SAN FELIPE DE JESUS,2017-10-16,6,"En Power Center de Tec√°mac hace unos minutos se registr√≥ una balacera, resulta un lesionado PAF y un detenido. https://t.co/dIpSS83qHu"
EL SANTUARIO,2017-10-17,5,Suspenden clases en Ciudad Madera tras balaceras en central camionera y en el barrio Santuario https://t.co/LPRLwRd9aP
Del Valle,2017-10-18,7,Un adolescente muerto y cuatro heridos durante un tiroteo en El Valle https://t.co/POXe7hEf2E
SANTA MARIA LA RIBERA,2017-10-18,10,Un elemento de la SSP tambi√©n result√≥ lesionado en la balacera de Santa Mar√≠a La Ribera y Amado Nervo.
TRES ESTRELLAS,2017-10-18,5,"Le dan m√°s de 10 balazos a un hombre en calle Victoria entre FC Hidalgo y Congreso en la Col. Tres Estrellas, GAM.‚Ä¶ https://t.co/tOnA04Ruj5"
NUEVA ATZACOALCO,2017-10-20,6,Reportan a dos personas heridas por disparos de arma de fuego en la puerta 3 del estadio azteca. preca‚Ä¶ ‚Äî@tavojeda5 https://t.co/YVCrawS5Bp
JARDIN BALBUENA,2017-10-21,10,Roba moto y muere en balacera con polic√≠as. Hay otro ladr√≥n herido. Colonia Jard√≠n Balbuena #VCA #CDMX. https://t.co/nVrt40ICQ9
LA ESTACION,2017-10-21,19,Intent√≥ #robar a motociclista en #Viaducto y es abatido presunto #delincuente en balacera al ser sorprendido por PD‚Ä¶ https://t.co/V4pF9oVxSw
LA ESTACION,2017-10-24,8,El video de un ataque a balazos en Viaducto. Los responsables se dieron a la fuga https://t.co/mwREey4pdU https://t.co/sczAztPQbu
EX HIPODROMO DE PERALVILLO,2017-10-26,23,"Presunto ladr√≥n muere durante balacera en Calzada Vallejo: CIUDAD DE M√âXICO, octubre 26: Un polic√≠a herido y un‚Ä¶ https://t.co/7EWOQv0qkX"
MARTIN CARRERA,2017-10-26,6,#Video Directora plane√≥ simulacro de balacera en escuela de La Paz; @SEP_mx se deslinda por uso de dicha estrategia‚Ä¶ https://t.co/BNF3lmwckM
NUEVA ANZURES,2017-10-27,8,"Precauci√≥n, persona herida por disparos de arma de fuego en la calle V√≠ctor Hugo en la Col. Anzures. Hay movilizaci√≥n policiaca. @retioDF"
SANTA MARIA TOMATLAN,2017-10-27,12,"Contin√∫an las balaceras en la Cdmx ahora en Cedros col. Santa Mar√≠a Tomatl√°n, Iztapalapa, el saldo un lesionado y u‚Ä¶ https://t.co/RbvSQNF34S"
SAN JOSE,2017-10-28,34,Asalto y balacera en transporte p√∫blico; hay un herido a tiros. Aut Mex Pachuca altura San Jos√© muy cerca San Juanico hacia #CDMX.
DESARROLLO URBANO QUETZALCOATL,2017-10-29,5,"@SSP_CDMX Buenas noches.
Para reportar balazos constantes en la colonia desarrollo urbano quetzalcoatl,entre andado‚Ä¶ https://t.co/5x4YEXrX8a"
NUEVA ATZACOALCO,2017-10-29,6,"Tirando balazos festejo san judas calle 319 esq 314 nueva atzacoalco, las patrullas no se acercan pero‚Ä¶ ‚Äî@LETISHAHM https://t.co/rOcFdfSEOf"
COLINAS DEL SUR,2017-10-30,6,@SSP_CDMX se acaban de escuchar balazos en colinas del sur cerca de Av Corceles.
SAN MIGUEL CHAPULTEPEC,2017-10-30,5,Se acaban de o√≠r balazos en jos√© mar√≠a tornel casi esquina protasio tagle ‚Äî@lestrada77 https://t.co/PKC6SHbgVd
LA ESTACION,2017-10-31,5,Saldo de 1 muerto tras balacera en Boulevar Aeropuerto Delegaci√≥n Venustiano Carranza Oficial. #CDMX https://t.co/I6uw8N6KX4
INFONAVIT EL ROSARIO,2017-11-02,17,"Una tranquila noche d terror en CDMX; lo matan a tiros. Ote 95 y Nte 76, R√≠o Blanco; en las Torres atr√°s reclu Ote otro muerto con disparos."
MOLINO DE ROSAS,2017-11-02,16,"SSP resguarda el cad√°ver de un hombre asesinado a balazos en De la Rosa Damasco y Rosa Violeta, col. Molino de Rosa‚Ä¶ https://t.co/m7OQtQ5KaV"
UNID PROFES ZACATENCO LINDAVISTA,2017-11-02,43,Detienen al autor del tiroteo en Walmart https://t.co/ZgQAbJy2R6 https://t.co/t2DpNgln0A
EL ROSARIO,2017-11-03,6,"@SSP_CDMX Reportan tiroteo por mas de 30 minutos en el Rosario, Azcapotzalco CDMX

V√¨a  @huguitoogbj https://t.co/AICwJ99bPV"
EL RODEO,2017-11-04,11,"Persona muere por disparos de arma de fuego en el Eje 4 Sur y Sur 109 en Iztacalco de la ""ciudad segura"". En espera del MP. @retioDF"
CENTRO COMERCIAL SANTA FE,2017-11-05,15,#Nacional Reportan #balacera en Centro Comercial Santa Fe https://t.co/FV4YLqdfoZ #Xalapa #Veracruz #Mexico https://t.co/P2k5gmT40I
ESTANZUELA,2017-11-05,6,Asesinan de tres disparos de arma de fuego a conductor de transporte p√∫blico en calle 10 y perif√©rico ‚Ä¶ ‚Äî@tavojeda5 https://t.co/XbABBKpIgc
LINDAVISTA,2017-11-05,10,"#Video En persecuci√≥n por robo de üèç en Lindavista, polic√≠as repelieron agresi√≥n por disparos de arma de fuego y det‚Ä¶ https://t.co/1aeeUq8W0d"
EL DIVISADERO,2017-11-07,14,"Hubo robo con balazos en gas de casi esquina de miramontes con naval militar, tomen precauciones ‚Äî@aldo_lechuga https://t.co/HebKmNmDC8"
CUAUHTEMOC,2017-11-08,6,Me reportan balacera en Polanco a la altura de Reforma y Arqu√≠medes.
SAN FRANCISCO,2017-11-09,11,"Matan a Hombre de 70 a√±os por resistirse a asalto, Dos Ratas üêÄ en Motoneta le disparan, Calle Quer√©taro y Francisco‚Ä¶ https://t.co/7UN1nm9LsS"
DEL MAR,2017-11-10,5,"Amigos el saldo de la balacera en la col. El Mar, corrijo, son dos personas muertas y una lesionada. SSP en el punt‚Ä¶ https://t.co/iZ0bdj1CWF"
LA TURBA,2017-11-10,33,2 j√≥venes mueren por varios disparos de arma de fuego en la col  la Turba en Tlahuac https://t.co/erpZvLf1k2
LA TURBA,2017-11-11,26,2 Muertos por balacera en la col La Turba en TLAHUAC https://t.co/KB06VAPUOM
ANAHUAC,2017-11-12,13,"Se escuch√≥ una fuerte balacera hacia Marina Nacional, Col. An√°huac @SSP_CDMX @MHcesac @delegacionMH"
CONGRESO AGRARISTA MEXICANO,2017-11-12,8,Asalto en Cervantes y r√≠o San joaquin con disparos a plena luz de el d√≠a???tienen la ciudad hecha una porquer√≠a‚Ä¶ https://t.co/QmWysYY4UN
MORELOS,2017-11-12,20,"Vecinos de la colonia Morelos reportan disparos en la esquina de las calles Herreros y Congreso de la Uni√≥n, hay do‚Ä¶ https://t.co/z53W7H3fKt"
Del Valle,2017-11-14,5,Sujetos en moto asesinan de cinco disparos a un hombre de 24 a√±os en el sector de Bajo Valle https://t.co/AsOkLvQGk3
NAPOLES,2017-11-14,29,Asalto en barber√≠a desata balacera en la colonia N√°poles https://t.co/ixHMcTpccs https://t.co/awv9BUDRdx
LINDAVISTA,2017-11-15,13,"Est√°n asaltando a balazos abajo del puente de santa teresa, donde est√° el hospital √°ngeles del ped‚Ä¶ ‚Äî@AliciaAlarcon https://t.co/IxzM29BcHX"
ALBERT,2017-11-16,5,Hay una persona muerta por disparos de arma de fuego en la calle Emilio Carranza casi Andr√©s Molina Enr√≠quez en la‚Ä¶ https://t.co/CrR20MpyiJ
SAN ANDRES TETEPILCO,2017-11-16,9,"#Video üé• |

Asesinan a conductor a balazos en Emilio Carranza y Xochititla, col. San Andr√©s Tetepilco en‚Ä¶ https://t.co/U70Lpo8d3C"
NARCISO BASSOLS,2017-11-17,5,"#Urgente | 

Asesinan a balazos a una mujer en la 669 y 604, col. Narciso Bassols, en GAM.  SSP en espera de Perito‚Ä¶ https://t.co/4KqVk20pDa"
SAN ANDRES TETEPILCO,2017-11-17,16,Por posible asalto asesinan a balazos al conductor de este Jetta en Emilio Carranza casi con la Av. Andr√©s Molina E‚Ä¶ https://t.co/SwidF2ctqM
INFONAVIT EL ROSARIO,2017-11-22,11,Vecinos de la unidad habitacional El Rosario reportan disparos. Hay una persona herida sobre la calle Cultura Griega. #CDMX @retioDF
NARCISO MENDOZA SUPER MANZANA VILLA COAPA,2017-11-22,5,"#Video üé• |

Asesinan a una persona a balazos, en aparente asalto, en el 159 de la calle 28, col. Guadalupe Proletar‚Ä¶ https://t.co/qnDSmwZkbn"
DE NOVIEMBRE,2017-11-23,9,"De 15 balazos, un hombre es ultimado en la colonia 20 de noviembre, de la delegaci√≥n Venustiano Carranza‚Ä¶ https://t.co/pbPe5R2RZY"
REFORMA IZTACCIHUATL SUR,2017-11-25,25,"Contin√∫an las balaceras u asesinatos en la #cdMx...
#Ahora | Asesinan a una persona dentro de un negocio en Lago Va‚Ä¶ https://t.co/2qet5TnBDR"
MORELOS,2017-11-29,5,"Muere a balazos una persona sobre eje 1 norte y boleo col. morelos, ssp en el lugar. #precauciones ‚Äî@MrElDiablo8 https://t.co/StyyEs4MjP"
SAN PEDRO,2017-11-29,24,"#Video üé• | 

Asesinan a una persona a balazos en Privada de Amacuzac y Sexta Cerrada de Emilio Carranza, col. San A‚Ä¶ https://t.co/XrrhbQtpDi"
MORELOS,2017-11-30,5,Precauci√≥n amigos! Se registr√≥ balacera en la esquina de canal del norte y Av del Trabajo en la col Morelos. Tenemo‚Ä¶ https://t.co/tepTgrS1ee
EL CARACOL,2017-12-01,28,"Ahora est√°n reportando otro tiroteo pero en el sur de la #CDMX. Blvrd Gran Sur muy cerca de Av Im√°n. Seg√∫n vecinos,‚Ä¶ https://t.co/9mDsvRB3CU"
GABRIEL HERNANDEZ,2017-12-01,16,Dos muertos y un herido por balacera en la colonia Gabriel Hern√°ndez de #GAM #CDMX. #OncesDeLaNoche. https://t.co/7TIh0aWPJk
MORELOS,2017-12-07,8,"As√≠ la presencia de @SSP_CDMX  tras balacera en el Eje 1 Norte, I. L√≥pez Ray√≥n y Manuel Doblado, col. Morelos, cerc‚Ä¶ https://t.co/nFchDGe0o6"
REACOMODO JALALPA EL GRANDE,2017-12-07,8,Un muerto y un herido a tiros deja tiroteo en Tepito; Gonz√°lez Ortega y Eje 1 norte. Esta acordonado y un helic√≥pte‚Ä¶ https://t.co/6ngFbmCPdR
UNIDAD HAB EMILIANO ZAPATA,2017-12-07,10,"Contin√∫an las balaceras y los asesinatos en la #CDMX , ahora en Ticom√°n, GAM. SSP en el punto. https://t.co/2boLh0Yt5B"
UNIDAD HAB MIGUEL HIDALGO,2017-12-08,7,"Contin√∫an las balaceras en la CdMx y las ejecuciones. 

#Ahora | Asesinan a una persona en Calle Amuzgos y Av. Rafa‚Ä¶ https://t.co/3OQry8PQEC"
TEZOZOMOC,2017-12-09,7,"RT ReformaJusticia: #Lo√öltimo Dos hombres murieron esta tarde tras un tiroteo ocurrido en Rafael Buelna y Amuzgos, Col. #Tezoz√≥moc, Del. #‚Ä¶"
DOCTORES,2017-12-13,6,Intento de asalto termina en golpes y disparos en un negocio de la Doctores #CUH #CDMX. Hay dos heridos a tiros.‚Ä¶ https://t.co/Ul7JEfW9xq
SAN PEDRO DE LOS PINOS,2017-12-13,27,"Revoluci√≥n y Calle 7, San Pedro de Los Pinos: se suscita balacera durante intento de asalto a automovilista, polic√≠‚Ä¶ https://t.co/QuN8AbBDL1"
TABACALERA,2017-12-13,5,Im√°genes de la balacera registrada esta tarde en #Texmelucan cuando se realizaba un desalojo en la calle Reforma. E‚Ä¶ https://t.co/bJiA6XzZDL
LOMAS DE CAPULA,2017-12-17,5,#Reporte urgen patrullas balacera en la Col. Lomas de Capula @DelegacionAO @hiramalmeidae @SSP_CDMX @UCS_CDMX @C5_CDMX
MORELOS,2017-12-17,15,"Contin√∫an las balaceras en la CdMx. #Ahora una ambulancia se dirige a Peralvillo y Libertad, col. Morelos, por persona baleada"
NARCISO MENDOZA SUPER MANZANA VILLA COAPA,2017-12-17,11,"#Im√°genesFuertes 

#Video üé• | 

Otra #balacera en #Tepito deja 3 personas lesionadas, ahora ocurrio sobre el Eje 1‚Ä¶ https://t.co/0bB1lvoogT"
REVOLUCION,2017-12-20,36,"Contin√∫an las balaceras en la #CdMx. 

#Ahora balean a una persona sobre Ocean√≠a, col. Moctezuma. SSP en el punto. 

#Precauci√≥n"
DEL CARMEN,2017-12-22,9,"Balaceras y m√°s balaceras en la #CdMx, #Ahora En Iztapalapa, sobre Ermita e Hidalgo en la col. Santa Cruz Meyehualc‚Ä¶ https://t.co/avEd4gJXW2"
EL ARBOLILLO II CROC,2017-12-22,17,#CDMX v√≠a:@MXQnoticias | #√öltimaHora Se registra balacera en la estaci√≥n #RomeroRubio del @MetroCDMX... https://t.co/Xpibc3rHcV
RESIDENCIAL VILLA COAPA SUPER MANZANA,2017-12-22,7,"Bueno y qu√© pas√≥ ayer al rededor de las 12 am en acoxpa, narciso mendoza! se escucharon balazos ‚Äî@1carlpower https://t.co/P7pYyu1LLT"
REVOLUCION IMSS,2017-12-22,5,Se escucharon 6 balazos cerca de parque lindavista que paso! ‚Äî@Ruben_vt1 https://t.co/7XEhcJOsia
BELLAVISTA,2017-12-29,6,"Movilizaci√≥n policiaca por hombre muerto de dos balazos en cr√°neo, H√©roes de Nacozari y Congreso de la Uni√≥n Col. Morelos #VCA #CDMX"
SAN RAFAEL,2018-01-03,17,"Sujetos armados disparan a VIPS desde un autom√≥vil en la colonia San Rafael, CDMX https://t.co/IIf8jl5PB6"
AMPL SAN PEDRO XALPA,2018-01-05,9,Me reportan una persona muerta por disparos de arma de fuego  a bordo de un transporte p√∫blico en Calzada Las Armas‚Ä¶ https://t.co/HcaDO89VsI
CUAUTEPEC DE MADERO BARRIO BAJO,2018-01-05,6,"As√≠ la situaci√≥n en #Zumpango por saqueo e incendio de Bodega Aurrera.

Hay numerosos disparos. https://t.co/WM6Xg81hxX"
SAN JUAN TICOMAN,2018-01-12,14,"Asesinan a una persona por disparos de arma de fuego en Avenida del Trabajo y H√©roes col. Barrio San Juan Ticom√°n,‚Ä¶ https://t.co/ZJBpucby5S"
AMPL TORREBLANCA,2018-01-13,5,"#Lo√öltimo Tras una balacera en Legaria, lamentablemente falleci√≥ este polic√≠a federal  üëÆ‚Äç‚ôÇüíÄüî´üëáüëá‚Ä¶ https://t.co/4EhOZqWcJU"
POPOTLA,2018-01-13,13,Precauci√≥n amigos! Vecinos reportan disparos sobre la Calz Mex Tacuba y Golfo de California. Hay gritos y gente cor‚Ä¶ https://t.co/ICtbRBT3gl
MIGUEL HIDALGO,2018-01-14,5,"Se escuchan disparos en la calle ayuntamiento esq. la fama colonia miguel hidalgo, tlalpan ‚Äî@rafac5 https://t.co/vkBLEP6eAJ"
INFONAVIT EL ROSARIO,2018-01-18,5,"Dos personas fallecidas por disparos de arma de fuego en un tianguis en la calle Auriga en la Col. El Rosario, CDMX‚Ä¶ https://t.co/LxFEZCK4jS"
MORELOS,2018-01-18,11,Persona muere de varios disparos de arma de fuego en la calle Panaderos y Hojalater√≠a en la Col. Morelos. Acordonad‚Ä¶ https://t.co/ZLmtBRROO3
PANTITLAN,2018-01-21,6,"@SM_Chapultepec @SSP_CDMX @BPlataMH de miedo escuchar balazos en tu calle, oportuna intervenci√≥n de la SSP, mejor√≠a al poli herido üëÆüèº"
SANTA MARIA INSURGENTES,2018-01-21,17,"Movilizaci√≥n policiaca, 2 lesionados 1 muerto por disparos de arma de fuego en Nopal y Pino Col. Santa Maria Insurgentes, #CDMX"
PEDREGAL DE SANTO DOMINGO,2018-01-23,5,"Velorio termina en balacera en la colonia Pedregal de Santo Domingo en Coyoac√°n, 2 muertos el saldo, sin detenidos.‚Ä¶ https://t.co/uZWPu5dAQD"
SANTA MARIA LA RIBERA,2018-01-26,86,Varios disparos y gritos despertaron a vecinos de la col Santa Mar√≠a la Ribera en la del Cuauht√©moc. Matan a mujer‚Ä¶ https://t.co/oDHU8Bm2YC
BELLAVISTA,2018-01-27,10,Se escucharon varios disparos y mujer cay√≥ al piso gravemente lesionada reportan vecinos. H√©roes de Nacozari y Brav‚Ä¶ https://t.co/r7DN0VKJUv
AHUEHUETES,2018-01-28,6,"Un hombre fue asesinado a balazos esta tarde en Ahuehuetes y Camino Real, Colonia Los Coyotes, en Gustavo A. Madero‚Ä¶ https://t.co/vjOwysm1jH"
BENITO JUAREZ,2018-01-28,7,Ejecutan de 3 disparos a un hombre de 22 a√±os en apatlaco y melchor Ocampo colonia apatlaco @PGJDF_CDMX  @SSP_CDMX  @retioDF
HIPODROMO DE LA CONDESA,2018-01-28,7,Un muerto y cuatro heridos deja balacera en bar de la costera Miguel Alem√°n en la zona de la Condesa.... https://t.co/Qd99pNhVe8
PUEBLO SAN BERNABE OCOTEPEC,2018-01-28,26,"Se suscit√≥ balacera en San Bernab√© Ocotepec de Magdalena Contreras, particulares trasladan en auto a un  lesionado‚Ä¶ https://t.co/bhqGbLemIU"
TABACALERA,2018-01-28,6,"Movilizaci√≥n policiaca en Reforma y Amado Nervo , Centro Monterrey, tras reporte de disparos. Autoridades en la zona."
BARRIO SANTA BARBARA,2018-01-29,9,"Vecinos del barrio Santa B√°rbara en #Iztapalapa reportan disparos, hay una persona herida. Cerrada General Anaya y‚Ä¶ https://t.co/VhnZLHIICq"
MORELOS,2018-01-31,6,"De al menos 6 disparos #asesinan a joven a bordo de su motocicleta en la col Morelos, en la Del Venustiano Carranza‚Ä¶ https://t.co/QZoMNuZySI"
BARRIO SAN LUCAS,2018-02-01,20,"OJO. Se registr√≥ una balacera en la Calz. Ermita Iztapalapa y Fundici√≥n, col. El Manto. Extraoficialmente se trata‚Ä¶ https://t.co/dkG1QDZMAi"
GUERRERO,2018-02-02,22,"#Video  üé• | 

Atacan a balazos a un hombre sobre Soto y Magnolia en la col. Guerrero; ambulancia lo traslada a un h‚Ä¶ https://t.co/ZDQI95Kw2h"
POPO,2018-02-04,6,Acaba d haber una balacera enel tianguis d Norte 4 col popo delegaci√≥n Miguel Hidalgo.Pero el estadio d CU  bienprotegido. @ManceraMiguelMX
EL RISCO CTM,2018-02-05,6,En la colonia CTM El Risco hay disparos reportan vecinos. Hay un hombre tirado al parecer sin signos vitales sobre‚Ä¶ https://t.co/NZLFssdK7P
A SECC LOS CERRILLOS,2018-02-06,15,"Y en la #CdMx contin√∫an las balaceras y asesinatos. 

#Ahora muere a balazos una persona sobre Eje Central y Dr. Ve‚Ä¶ https://t.co/AKzm6RbDr0"
EL RISCO CTM,2018-02-07,10,"#Lo√öltimo |

Una mujer se resisti√≥ a un asalto y fue asesinada a balazos calle 24 y Av. Luis Yuren, Col. El Risco,‚Ä¶ https://t.co/YJk6Gx340C"
HIPODROMO,2018-02-07,15,"Es una balacera muy al estilo de las series policiacas, guardianes del orden utilizan carretera de Ensenada, Baja C‚Ä¶ https://t.co/lHzO03VExJ"
IZTACALCO INFONAVIT,2018-02-07,42,"#Ahora | 

Asesinan a otra persona por disparos de arma de fuego en la col. Infonavit Iztacalco. SSP en el punto. 

Les informo!"
BARRIO SAN BARTOLO MIXQUIC,2018-02-08,9,De varios disparos ejecutan a una persona en camioneta Nte 58B tablas de san Agust√≠n gam https://t.co/umBlM8Nd5C
IZTACALCO INFONAVIT,2018-02-08,7,"#Video üé• | 

Asesinan a balazos a un hombre en av. Del Peyote y Marina en la col. Infonavit Iztacalco. #CdMx. No ha‚Ä¶ https://t.co/kiyGV1Xli9"
SAN JUAN DE ARAGON TA Y TA SECC,2018-02-09,10,"En el operativo realizado en la colonia #Roma, CdMx, no se realizaron disparos y en el momento que fue asegurado el‚Ä¶ https://t.co/5ynpZ4bMlM"
MORELOS,2018-02-10,9,Esta noche de VIERNES una mujer fue asesinada por disparos de arma de fuego en calle Obreros entre Epigmenio Gonz√°l‚Ä¶ https://t.co/KZnEQfza3n
MORELOS,2018-02-11,13,"√öltimo minuto: Vecinos de la colonia Morelos est√°n asustados. Reportan disparos, hay dos hombres con impactos de ba‚Ä¶ https://t.co/6T1TXZljkV"
VASCO DE QUIROGA,2018-02-11,9,"Se est√°n escuchando balazos cerca del metrobus de la joya, ya van m√°s de 10 @SSP_CDMX"
LA CANDELARIA TICOMAN,2018-02-12,6,"@C5_CDMX @SSP_CDMX @GobCDMX @ManceraMiguelMX
En la Candelaria Ticoman G. A. M. Se escucha r√°faga de balazos desde l‚Ä¶ https://t.co/LGbzOdOaoZ"
NUEVA ORIENTAL COAPA,2018-02-13,6,"OJO. Referente al tiroteo de la col. Nueva Oriental Coapa, hay dos muertos. El principal m√≥vil es un ajuste de cuen‚Ä¶ https://t.co/wIDR7wVg6v"
OCOTAL,2018-02-13,10,Vecinos nos reportan que lamentablemente el joven que fue herido por disparos hace unos min en la esquina de Rancho‚Ä¶ https://t.co/smB6IcPCpt
EJIDO SANTA URSULA COAPA,2018-02-14,5,Asustada me toc√≥ frente a la UAM Xochimilco Calzada del Hueso persecuci√≥n y balacera que horror üòí
OLIVAR DEL CONDE RA SECC,2018-02-14,5,"#Balacera Olivar del Conde, √Ålvaro Obreg√≥n.
Una persona perdi√≥ la vida a balazos en su casa en el interior de su au‚Ä¶ https://t.co/xBz0ZNr2PI"
APATLACO,2018-02-15,11,√öltimo minuto: Balacera en Iztapalapa. Le disparan en la cabeza y pecho a un hombre. Esta grave. Eje 5 Sur y Teleco‚Ä¶ https://t.co/ZRGxFauRWx
DA AMPL PRESIDENTES,2018-02-15,6,Aqu√≠ casual resguard√°ndome de balacera en paseo hacienda de Echegaray al parecer asaltantes y persecuci√≥n #YaQueSeAcabeElPRIANATO
HEROES DE PADIERNA,2018-02-15,6,"#CdMx |

Asesinan a balazos a una persona en Calle Tekal, col. H√©roes de Padierna. SSP acordona la zona. https://t.co/EYP9pfGv0Q"
OLIVAR DEL CONDE RA SECC,2018-02-15,5,Asesinan a balazos a ucraniano en la colonia Olivar del Conde - Publimetro M√©xico https://t.co/Khl3PL4IPx
XALTOCAN,2018-02-15,7,"Antes del amanecer de este d√≠a, una persona fue asesinada a balazos sobre calle Violeta en Barrio Xaltocan,‚Ä¶ https://t.co/rYaYcaX9zo"
HEROES DE PADIERNA,2018-02-16,7,"#CdMx |

Asesinan a balazos a una persona en Calle Tekal, col. H√©roes de Padierna. SSP acordona la zona. https://t.co/EYP9pfGv0Q"
BUENAVISTA,2018-02-17,8,"#Ahora | 

Asesinan a una persona a balazos en Calle Moctezuma, col. Buenavista.  SSP en el punto."
GUERRERO,2018-02-17,10,#CdMx | Asesinan a balazos a mujer en la colonia #Guerrero https://t.co/B0hLpVcZLd https://t.co/meaWSG0shI
MORELOS,2018-02-17,15,"Tras el #Sismo vuelven las balaceras, #ahora asesinan a una persona a balazos en Toltecas y Constancia, col. Morelo‚Ä¶ https://t.co/rm3ahdIUTA"
CONJUNTO RES VILLA PRADO COAPA,2018-02-18,21,"Esta madrugada una persona fue asesinada a balazos en Florencia y Hamburgo, #ZonaRosa. #CdMx https://t.co/8Kfh03hD1S"
MORELOS,2018-02-18,5,√öltimo minuto: Tenemos balacera en la colonia Morelos. Vecinos reportan 2 personas muertas a tiros dentro de auto.‚Ä¶ https://t.co/6FZpssAJlb
POTRERILLO,2018-02-18,8,"Ayuda por favor balazos en serapio rendon 96 no sabemos que hacer !!!
@AztecaNoticias @SSP_CDMX @hiramalmeidae https://t.co/MXOR8Eu012"
HIPODROMO,2018-02-19,24,"Sujetos armados asaltan El Jamil, restaurante de la Hip√≥dromo; cliente se resiste y le disparan https://t.co/nXGmP46IPp"
TLAXPANA,2018-02-20,14,"#Ahora | 

Asesinan a una persona a balazos en Atzayacatl y Tl√°loc, col. Tlaxpana. @delegacionMH. SSP ya est√° en el punto."
MORELOS,2018-02-21,23,"#Video üé• |

Esta noche fue asesinado a balazos un hombre en la esquina de Constancia y Toltecas, col. #Morelos. La‚Ä¶ https://t.co/sEP6kfNJeC"
ACULCO,2018-02-22,12,Les disparan con arma de fuego a 4 personas en Ingenieros Mec√°nicos y Eje 5 sur col. Nueva Rosita deleg .Iztapalapa‚Ä¶ https://t.co/oavN5ZeXDA
APATLACO,2018-02-22,72,Y en Iztapalapa tenemos tiroteo. Hay 2 muertos y 3 heridos con disparos. Unidad habitacional Los Picos. Eje 5 Sur y‚Ä¶ https://t.co/EqQF0cMJZZ
SAN JUAN DE ARAGON RA SECC,2018-02-22,5,"#Lo√öltimo Un hombre que atrac√≥ un microb√∫s fue asesinado a balazos por carniceros del Mercado de San Juan, en Neza,‚Ä¶ https://t.co/qPI6YxkLjS"
AJUSCO,2018-02-23,5,"Desde las 8 pm est√°n tirando balazos en calle zapotecas esquina con Tlaltecuitli Coyoac√°n, Ajusco @SSP_CDMX‚Ä¶ https://t.co/mnRjUxcTlM"
COPILCO UNIVERSIDAD,2018-02-23,9,"No mamen se soltaron los balazos üò±üò± (@ Metro Copilco (L√≠nea 3) in Coyoac√°n, DF) https://t.co/6AFAK1gcXj"
VALLE DE LUCES,2018-02-24,13,√öltimo minuto: Lo mataron a tiros dentro de un minicooper. Vecinos de la col Valle de las Luces reportan balazos. A‚Ä¶ https://t.co/S8awDoMOVM
BARRIO SAN PABLO,2018-02-25,13,Sujetos en moto disparan y matan a dos hombres que cenaban en calles de la UH Ermita Zaragoza #Iztapalapa #CDMX‚Ä¶ https://t.co/Z8kMoH9EN1
SAN JUAN DE ARAGON TA SECC,2018-02-26,7,Hubo un tiroteo en Plaza jard√≠n como a las 8:45 cerca de Chilis.. llegaron algunas patrullas y un helic√≥ptero...
UNIDAD HAB SANTA CRUZ MEYEHUALCO,2018-02-26,12,"Asesinan a una persona a balazos en Calle 53 y Ermita, en #Iztapalapa. SSP ya se encuentra en el punto. 

QEPD"
SAN JUAN DE ARAGON TA SECC,2018-02-27,6,#CDMX Lo levantan en Polanco y ejecutan a DJ Mr. Zamora de dos balazos en la cabeza https://t.co/SLr1HOEJZW
AGRICOLA ORIENTAL,2018-02-28,8,"""@MrElDiablo8: Una persona perdi√≥ la vida a balazos sobre Ote 257 col agr√≠cola oriental.
Qepd https://t.co/KOgxL7Bpqh"""
BUENOS AIRES,2018-02-28,184,Detienen a 2 sujetos por balacera en la Buenos Aires https://t.co/tdaVcsE8ap
MAGDALENA PETLACALCO,2018-02-28,14,"Recibe 15 disparos polic√≠a asesinado en la Magdalena Petlacalco, en Tlalpan  https://t.co/JSdXImLk3E https://t.co/xcj7zHYWQW"
AMPL SANTA CRUZ,2018-03-01,8,"OJO. Se acaba de registrar otro tiroteo en la #CDMX. Ahora fue en Perif√©rico y Ticom√°n, col. La Laguna Ticom√°n,‚Ä¶ https://t.co/ZetCdLzWXc"
JARDINES DEL PEDREGAL,2018-03-01,5,"#Ahora | 

Asesinan a balazos a una pareja en Cascada y Manantial, Col. El Oasis en #Coacalco. Otra persona result√≥‚Ä¶ https://t.co/PbGjB9BT89"
OBRERA,2018-03-01,17,"OJO. Hace unos minutos se registr√≥ un tiroteo en Manuel Caballero, entre 5 de Febrero y Calz. de Tlalpan, col. Obre‚Ä¶ https://t.co/xyF4OVjDtu"
POLANCO CHAPULTEPEC,2018-03-01,7,"#CDMX Por evitar asalto, disparan a un hombre en Polanco | Enfoque Noticias https://t.co/lTBmvuDHIm https://t.co/Vaq06zLFYG"
DEL VALLE CENTRO,2018-03-02,5,@VertizNarvarte @AccionesBJ @Christianvonroe hay balazos en calle Bonanpak y san Borja
Del Valle,2018-03-02,5,De disparos en la cabeza mataron a cinco hombres en El Valle #MonitorDeV√≠ctimas https://t.co/S8H9JD3Cto https://t.co/bO34vx5dSr
MAZA,2018-03-02,8,"#Video üé• | 

Por quitarle su auto le disparan en 3 ocasiones y la matan frente a su hija adolescente, en Calle Cerr‚Ä¶ https://t.co/rA8F7Zi0oW"
OBRERA,2018-03-02,16,"La violencia incrementa en la #CDMX; hubo una balacera en la Obrera. 

#DeIdayVuelta con @joseluismorag üëâ‚Ä¶ https://t.co/pnq580fSz4"
EJIDO CULHUACAN,2018-03-03,6,@ManceraMiguelMX @TlalpanInfo @TLP1_CDMX @SSP_CDMX balacera en callejon las torres San andres totoltepec #CDMX https://t.co/ZThBGQMhjw
AJUSCO,2018-03-04,97,Dos muertos y 4 heridos a tiros dej√≥ como resultado una balacera en la colonia Ajusco en Coyoac√°n. Toltecas y Ayoja‚Ä¶ https://t.co/8SpqxD386O
SAN MIGUEL TEOTONGO SECC LAS TORR,2018-03-04,5,@C5_CDMX @tuyyocon10 @DelCuauhtemoc balazos a las 7:35 am StaMA RIBERA EGLZMTZ y flores MaGON
UNIDAD HAB EMILIANO ZAPATA,2018-03-04,7,Casi a la misma hora de la balacera en Coyoac√°n se registr√≥ otra balacera en Ticom√°n con saldo de una persona sin v‚Ä¶ https://t.co/TDcdQBxVB0
PRADO CHURUBUSCO,2018-03-05,7,"Un presunto ladr√≥n muri√≥ cuando intentaba escapar de un tiroteo en la Colonia Prado Churubusco, estamp√≥ el auto en‚Ä¶ https://t.co/b70ieUY2mb"
GUADALUPITA,2018-03-07,5,En la colonia #Guadalupita delegaci√≥n #Xochimilco reportan una persona muerta por disparos de arma de fuego #Cdmx
AMPL EMILIANO ZAPATA,2018-03-09,9,En presunto asalto atacan a balazos a familia de CDMX en la Autopista--&gt;https://t.co/gjAfHp7XWo
MORELOS,2018-03-09,13,"#Ahora | 

@SSP_CDMX resguarda un inmueble donde una persona fue asesinada a balazos en Mec√°nicos y Jarcier√≠a, col‚Ä¶ https://t.co/GHuIUQKajI"
POLANCO CHAPULTEPEC,2018-03-09,29,Un hombre de 25 a√±os de edad fue asesinado a balazos en la colonia Polanco. Esto y m√°s en nuestra #GuardiaNocturna https://t.co/pjwRiB0H04
ARGENTINA ANTIGUA,2018-03-10,7,"#Movilizaci√≥nPoliciaca por balacera en Lago Maracaibo y Lago San Mart√≠n, Col Antigua Argentina. #MiguelHidalgo, una‚Ä¶ https://t.co/UWoJRy7q4X"
SAN JOSE INSURGENTES,2018-03-10,54,"#Video üé• | 

Asesinan a balazos a conductor de @MercedesBenz tras resistirse a asalto en Calle Perpetua e Insurgent‚Ä¶ https://t.co/pDPts9aA24"
BOSQUE DE SAN JUAN DE ARAGON,2018-03-11,5,"Asesinan a balazos a dos personas en Av. 508 y Jos√© Loreto Fabela, Col. San Juan de Arag√≥n GAM #CDMX ‚ö†"
CONSTITUCION DE LA REPUBLICA,2018-03-11,7,.@isidrocorro en #Periscope: 2 ratas chocan y mueren tras tiroteo en sn Juan d Arag√≥n. https://t.co/AGvweJ7ioR
IGNACIO ZARAGOZA,2018-03-11,9,"Tras balacera dentro de Mercado Zaragoza en Av Francisco Moraz√°n y calle 39, col. Ignacio Zaragoza, SSP resguarda l‚Ä¶ https://t.co/HOrnkBgv1O"
AMPLIACION TLACUITLAPA,2018-03-12,6,Al momento balacera en tepito deja 2 muertos 3 heridos en Tenochtitl√°n casi eje 1 norte  @PGJDF_CDMX  @SSP_CDMX‚Ä¶ https://t.co/JscVw1cC2c
EL ARENAL,2018-03-12,5,Mueren dos menores por disparos en una ri√±a en la colonia Arenal https://t.co/uGiSguWRaq
MORELOS,2018-03-12,19,Muere a balazos persona en C. Labradores y Ferrocarril de Cintura Col. Morelos #Cuauhtemoc  Evite la zona
MORELOS,2018-03-13,22,Tres hombres murieron y dos personas resultaron heridas por balacera en la colonia #Morelos #CUH #CDMX https://t.co/OLBP7HqzFR
GUERRERO,2018-03-16,15,"Muere un hombre por disparos en la colonia Guerrero, CDMX 
#MatutinoExpress 
https://t.co/1CJcON9FUc https://t.co/kzibsNnoXc"
SAN SIMON TICUMAC,2018-03-17,5,Se escucharon varios estruendos como balazos por calle centenario y san sim√≥n ‚Äî@MitzySolt https://t.co/JVuEqBDDfd
TABACALERA,2018-03-17,19,#NACIONALES Video capta balacera en la Reforma que alert√≥ a peatones y conductores https://t.co/BtUOaYf2Nw https://t.co/Ylemh4DIqe
GABRIEL RAMOS MILLAN,2018-03-18,19,"#Ahora | 

Asesinan a una persona a balazos en Sur 145 y Oriente 102, colonia Ramos Mill√°n, en @Iztacalco_Dele; SSP‚Ä¶ https://t.co/tzTgwzdAyo"
CUAUHTEMOC,2018-03-19,9,Reforma 222.. Col..Juarez..reporte de disparos https://t.co/lgcDAsKXzJ
LA PASTORA,2018-03-19,20,"#Ahora | 

Asesinan a balazos a una persona sobre #Nezahualc√≥yotl y John F. Kennedy, col. La Pastora en @gamadero.‚Ä¶ https://t.co/4O39nFnuCU"
LOMAS DE PADIERNA,2018-03-19,11,Se reportan disparos en la col lomas de padierna en la calle de calcachen entre holpechen y yobain ‚Äî@UnMejorTlalpan https://t.co/RoQJMRp0FP
SAN JUAN DE ARAGON MA SECC,2018-03-20,6,Tres heridos en tiroteo en la escuela Great Mills en #Maryland https://t.co/e3HOWCJ98G https://t.co/79MYNEEaxL
LINDAVISTA,2018-03-21,6,@hiramalmeidae dejaron dos heridos por disparos afuera del hospital √°ngeles M√©xico en la Escandon
SAN MARTIN XOCHINAHUAC,2018-03-22,7,"Vecinos de la colonia San Martin Xochinahuac, de la delegaci√≥n Azcapotzalco, reportaron esta madrugada disparos afu‚Ä¶ https://t.co/fdeMwoOTwF"
AMPL TORREBLANCA,2018-03-23,6,"Por la madruga #asesinan a una persona de al menos 8 #disparos en Calz Legaria esq Perif√©rico col Irrigaci√≥n MH, pr‚Ä¶ https://t.co/TiTdWXkFDD"
PANAMERICANA,2018-03-23,9,√öltimo minuto: Lo mataron de 2 tiros en la cabeza. Vecinos de la colonia Panamericana escuchan disparos y llaman a‚Ä¶ https://t.co/OkKRy4UghD
CUAUHTEMOC,2018-03-27,7,"Fuerte movilizaci√≥n policiaca por operativo, genera balacera en Luis Cabrera y Orqu√≠dea, Col La Malinche ,  hay det‚Ä¶ https://t.co/v8yCaTAG6L"
BARRIO NORTE,2018-03-28,12,"Tres muertos dejan dos balaceras en Arag√≥n y Pueblo de Santa Fe, CDMX https://t.co/chFPVgc6zC https://t.co/Fqi3pIonHZ"
GABRIEL HERNANDEZ,2018-03-29,8,"Dos muertos por disparos de arma de fuego, uno en la Col. Gabriel Hern√°ndez y otro en la Puebla, CDMX‚Ä¶ https://t.co/mWMGOYNmhk"
MOCTEZUMA DA SECC,2018-03-29,12,"#Video üé• | 

Asesinan a balazos a una persona en Norte 50-A y Ferrocarril Industrial, @gamadero. @SSP_CDMX  se encu‚Ä¶ https://t.co/9WCMkFVmmZ"
CONGRESO AGRARISTA MEXICANO,2018-03-30,13,"Asesinan a un hombre a balazos en la Colonia Consejo Agrarista Mexicano, en Iztapalapa CdMx: agresores escaparon ¬øa‚Ä¶ https://t.co/0gwbKtTQQx"